country,1992,1993,1994,1995,1996,1997,1998,1999,2000,2001,2002,2003,2004,2005,2006,2007,2008,2009,2010,2011,2012,2013,2014,2015
Aruba,49.13,48.7648,48.3996,48.0344,47.6692,47.304,46.067,44.83,43.593,42.356,41.119,39.5738,38.0286,36.4834,34.9382,33.393,32.0268,30.6606,29.2944,27.9282,26.562,24.842,23.122,21.402
Afghanistan,163.916,164.1812,164.4464,164.7116,164.9768,165.242,161.4432,157.6444,153.8456,150.0468,146.248,140.4764,134.7048,128.9332,123.1616,117.39,111.4708,105.5516,99.6324,93.7132,87.794,82.2638,76.7336,71.2034
Angola,227.37,225.38,223.39,221.4,219.41,217.42,215.1712,212.9224,210.6736,208.4248,206.176,202.6216,199.0672,195.5128,191.9584,188.404,185.912,183.42,180.928,178.436,175.944,171.2734,166.6028,161.9322
Albania,18.733,18.8524,18.9718,19.0912,19.2106,19.33,19.311,19.292,19.273,19.254,19.235,19.108,18.981,18.854,18.727,18.6,19.0396,19.4792,19.9188,20.3584,20.798,21.1438,21.4896,21.8354
Andorra,,,,,,,,,,,,,,,,,,,,,,,,
UnitedArabEmirates,41.733,38.8972,36.0614,33.2256,30.3898,27.554,27.1554,26.7568,26.3582,25.9596,25.561,26.4232,27.2854,28.1476,29.0098,29.872,29.4226,28.9732,28.5238,28.0744,27.625,28.4394,29.2538,30.0682
Argentina,73.202,72.5218,71.8416,71.1614,70.4812,69.801,68.8332,67.8654,66.8976,65.9298,64.962,64.0868,63.2116,62.3364,61.4612,60.586,61.264,61.942,62.62,63.298,63.976,63.9136,63.8512,63.7888
Armenia,80.067,74.032,67.997,61.962,55.927,49.892,46.671,43.45,40.229,37.008,33.787,32.635,31.483,30.331,29.179,28.027,27.5424,27.0578,26.5732,26.0886,25.604,24.5562,23.5084,22.4606
AmericanSamoa,,,,,,,,,,,,,,,,,,,,,,,,
AntiguaandBarbuda,66.122,66.6432,67.1644,67.6856,68.2068,68.728,67.5386,66.3492,65.1598,63.9704,62.781,61.3234,59.8658,58.4082,56.9506,55.493,54.247,53.001,51.755,50.509,49.263,47.4636,45.6642,43.8648
Australia,20.875,20.5906,20.3062,20.0218,19.7374,19.453,18.9462,18.4394,17.9326,17.4258,16.919,16.9552,16.9914,17.0276,17.0638,17.1,16.7854,16.4708,16.1562,15.8416,15.527,14.966,14.405,13.844
Austria,20.389,19.269,18.149,17.029,15.909,14.789,14.5004,14.2118,13.9232,13.6346,13.346,12.902,12.458,12.014,11.57,11.126,10.6138,10.1016,9.5894,9.0772,8.565,7.972,7.379,6.786
Azerbaijan,37.532,38.3038,39.0756,39.8474,40.6192,41.391,39.9808,38.5706,37.1604,35.7502,34.34,37.0942,39.8484,42.6026,45.3568,48.111,49.2276,50.3442,51.4608,52.5774,53.694,56.1272,58.5604,60.9936
Burundi,49.045,48.7188,48.3926,48.0664,47.7402,47.414,45.2536,43.0932,40.9328,38.7724,36.612,35.9952,35.3784,34.7616,34.1448,33.528,32.8736,32.2192,31.5648,30.9104,30.256,29.4556,28.6552,27.8548
Belgium,10.819,10.6906,10.5622,10.4338,10.3054,10.177,10.3316,10.4862,10.6408,10.7954,10.95,10.8372,10.7244,10.6116,10.4988,10.386,10.112,9.838,9.564,9.29,9.016,8.6962,8.3764,8.0566
Benin,126.766,125.9774,125.1888,124.4002,123.6116,122.823,121.3902,119.9574,118.5246,117.0918,115.659,113.5474,111.4358,109.3242,107.2126,105.101,102.1248,99.1486,96.1724,93.1962,90.22,87.405,84.59,81.775
BurkinaFaso,144.822,144.379,143.936,143.493,143.05,142.607,141.506,140.405,139.304,138.203,137.102,135.6118,134.1216,132.6314,131.1412,129.651,126.8024,123.9538,121.1052,118.2566,115.408,112.6558,109.9036,107.1514
Bangladesh,143.459,139.096,134.733,130.37,126.007,121.644,118.5532,115.4624,112.3716,109.2808,106.19,103.6674,101.1448,98.6222,96.0996,93.577,91.9356,90.2942,88.6528,87.0114,85.37,84.43,83.49,82.55
Bulgaria,66.714,63.021,59.328,55.635,51.942,48.249,46.7848,45.3206,43.8564,42.3922,40.928,41.3264,41.7248,42.1232,42.5216,42.92,42.7538,42.5876,42.4214,42.2552,42.089,40.3382,38.5874,36.8366
Bahrain,22.32,21.5114,20.7028,19.8942,19.0856,18.277,18.01,17.743,17.476,17.209,16.942,16.4902,16.0384,15.5866,15.1348,14.683,14.5034,14.3238,14.1442,13.9646,13.785,13.6638,13.5426,13.4214
"Bahamas,The",69.58,68.0444,66.5088,64.9732,63.4376,61.902,58.3198,54.7376,51.1554,47.5732,43.991,43.0758,42.1606,41.2454,40.3302,39.415,38.368,37.321,36.274,35.227,34.18,32.353,30.526,28.699
BosniaandHerzegovina,24.79,24.7182,24.6464,24.5746,24.5028,24.431,23.025,21.619,20.213,18.807,17.401,17.0806,16.7602,16.4398,16.1194,15.799,14.8392,13.8794,12.9196,11.9598,11,10.0562,9.1124,8.1686
Belarus,44.236,41.993,39.75,37.507,35.264,33.021,31.275,29.529,27.783,26.037,24.291,23.8478,23.4046,22.9614,22.5182,22.075,21.9436,21.8122,21.6808,21.5494,21.418,20.129,18.84,17.551
Belize,121.716,118.6248,115.5336,112.4424,109.3512,106.26,103.2454,100.2308,97.2162,94.2016,91.187,88.1834,85.1798,82.1762,79.1726,76.169,74.885,73.601,72.317,71.033,69.749,68.211,66.673,65.135
Bermuda,,,,,,,,,,,,,,,,,,,,,,,,
Bolivia,91.238,91.597,91.956,92.315,92.674,93.033,92.0094,90.9858,89.9622,88.9386,87.915,86.7062,85.4974,84.2886,83.0798,81.871,80.0126,78.1542,76.2958,74.4374,72.579,71.863,71.147,70.431
Brazil,80.033,80.7422,81.4514,82.1606,82.8698,83.579,83.0526,82.5262,81.9998,81.4734,80.947,78.9338,76.9206,74.9074,72.8942,70.881,70.3938,69.9066,69.4194,68.9322,68.445,67.8778,67.3106,66.7434
Barbados,57.907,56.7314,55.5558,54.3802,53.2046,52.029,51.4456,50.8622,50.2788,49.6954,49.112,48.8638,48.6156,48.3674,48.1192,47.871,47.6772,47.4834,47.2896,47.0958,46.902,44.4146,41.9272,39.4398
BruneiDarussalam,44.101,41.0324,37.9638,34.8952,31.8266,28.758,27.7258,26.6936,25.6614,24.6292,23.597,23.6402,23.6834,23.7266,23.7698,23.813,23.4052,22.9974,22.5896,22.1818,21.774,21.4452,21.1164,20.7876
Bhutan,102.369,100.3026,98.2362,96.1698,94.1034,92.037,87.655,83.273,78.891,74.509,70.127,65.9384,61.7498,57.5612,53.3726,49.184,44.892,40.6,36.308,32.016,27.724,25.209,22.694,20.179
Botswana,85.278,82.6834,80.0888,77.4942,74.8996,72.305,69.9218,67.5386,65.1554,62.7722,60.389,58.1482,55.9074,53.6666,51.4258,49.185,47.1478,45.1106,43.0734,41.0362,38.999,36.3236,33.6482,30.9728
CentralAfricanRepublic,143.397,141.5976,139.7982,137.9988,136.1994,134.4,132.0272,129.6544,127.2816,124.9088,122.536,119.3534,116.1708,112.9882,109.8056,106.623,104.9652,103.3074,101.6496,99.9918,98.334,95.7756,93.2172,90.6588
Canada,25.139,24.133,23.127,22.121,21.115,20.109,18.9676,17.8262,16.6848,15.5434,14.402,14.3096,14.2172,14.1248,14.0324,13.94,13.4188,12.8976,12.3764,11.8552,11.334,10.7086,10.0832,9.4578
CentralEuropeandtheBaltics,39.43538149,36.88567557,34.36541616,31.83062209,29.31598867,26.76835233,25.76188691,24.79837727,23.94649328,23.01524684,22.15192558,22.37248895,22.5709487,22.69146572,22.64140424,22.46832358,21.90476904,21.42849409,21.08844009,20.81131508,20.62939548,20.06275005,19.51984003,18.94736165
Switzerland,6.539,6.3686,6.1982,6.0278,5.8574,5.687,5.618,5.549,5.48,5.411,5.342,5.1742,5.0064,4.8386,4.6708,4.503,4.301,4.099,3.897,3.695,3.493,3.2754,3.0578,2.8402
ChannelIslands,16.614,16.0464,15.4788,14.9112,14.3436,13.776,13.3964,13.0168,12.6372,12.2576,11.878,11.4848,11.0916,10.6984,10.3052,9.912,9.5432,9.1744,8.8056,8.4368,8.068,7.6044,7.1408,6.6772
Chile,63.648,63.0848,62.5216,61.9584,61.3952,60.832,59.5564,58.2808,57.0052,55.7296,54.454,54.1002,53.7464,53.3926,53.0388,52.685,52.012,51.339,50.666,49.993,49.32,48.7144,48.1088,47.5032
China,17.212,15.7114,14.2108,12.7102,11.2096,9.709,9.3968,9.0846,8.7724,8.4602,8.148,8.0894,8.0308,7.9722,7.9136,7.855,7.7882,7.7214,7.6546,7.5878,7.521,7.4344,7.3478,7.2612
Coted'Ivoire,148.06,146.1112,144.1624,142.2136,140.2648,138.316,138.133,137.95,137.767,137.584,137.401,137.4222,137.4434,137.4646,137.4858,137.507,137.0336,136.5602,136.0868,135.6134,135.14,135.302,135.464,135.626
Cameroon,177.682,174.6712,171.6604,168.6496,165.6388,162.628,160.3304,158.0328,155.7352,153.4376,151.14,147.0562,142.9724,138.8886,134.8048,130.721,127.7446,124.7682,121.7918,118.8154,115.839,111.346,106.853,102.36
"Congo,Dem.Rep.",133.322,132.6888,132.0556,131.4224,130.7892,130.156,130.271,130.386,130.501,130.616,130.731,130.607,130.483,130.359,130.235,130.111,128.9472,127.7834,126.6196,125.4558,124.292,123.6202,122.9484,122.2766
"Congo,Rep.",130.487,131.019,131.551,132.083,132.615,133.147,133.9556,134.7642,135.5728,136.3814,137.19,135.5878,133.9856,132.3834,130.7812,129.179,128.4348,127.6906,126.9464,126.2022,125.458,122.346,119.234,116.122
Colombia,82.702,82.8194,82.9368,83.0542,83.1716,83.289,83.895,84.501,85.107,85.713,86.319,81.7922,77.2654,72.7386,68.2118,63.685,62.4794,61.2738,60.0682,58.8626,57.657,54.6654,51.6738,48.6822
Comoros,108.201,106.349,104.497,102.645,100.793,98.941,97.5918,96.2426,94.8934,93.5442,92.195,89.6594,87.1238,84.5882,82.0526,79.517,78.5028,77.4886,76.4744,75.4602,74.446,71.9988,69.5516,67.1044
CaboVerde,108.971,108.3342,107.6974,107.0606,106.4238,105.787,103.3306,100.8742,98.4178,95.9614,93.505,91.9314,90.3578,88.7842,87.2106,85.637,83.4398,81.2426,79.0454,76.8482,74.651,74.1528,73.6546,73.1564
CostaRica,91.753,90.0372,88.3214,86.6056,84.8898,83.174,80.4972,77.8204,75.1436,72.4668,69.79,68.73,67.67,66.61,65.55,64.49,63.4048,62.3196,61.2344,60.1492,59.064,58.0514,57.0388,56.0262
Caribbeansmallstates,87.64396145,85.83553971,83.98374151,82.05435603,79.95767141,77.74737619,75.7677505,73.77270857,71.835018,70.07773452,68.39321899,67.25338504,66.2010417,65.26929696,64.48626869,63.77438065,63.04758394,62.24974889,61.36074015,60.5176661,59.60307829,58.40963006,57.16005154,55.85366901
Cuba,69.204,69.242,69.28,69.318,69.356,69.394,65.6336,61.8732,58.1128,54.3524,50.592,50.3258,50.0596,49.7934,49.5272,49.261,49.0654,48.8698,48.6742,48.4786,48.283,47.2252,46.1674,45.1096
Curacao,51.528,49.927,48.326,46.725,45.124,43.523,42.1554,40.7878,39.4202,38.0526,36.685,36.1642,35.6434,35.1226,34.6018,34.081,34.3628,34.6446,34.9264,35.2082,35.49,34.9932,34.4964,33.9996
CaymanIslands,,,,,,,,,,,,,,,,,,,,,,,,
Cyprus,24.332,22.0764,19.8208,17.5652,15.3096,13.054,11.8884,10.7228,9.5572,8.3916,7.226,7.0912,6.9564,6.8216,6.6868,6.552,6.3362,6.1204,5.9046,5.6888,5.473,5.2794,5.0858,4.8922
CzechRepublic,41.089,36.184,31.279,26.374,21.469,16.564,15.5232,14.4824,13.4416,12.4008,11.36,11.3114,11.2628,11.2142,11.1656,11.117,11.0988,11.0806,11.0624,11.0442,11.026,10.5782,10.1304,9.6826
Germany,15.908,15.3492,14.7904,14.2316,13.6728,13.114,12.9652,12.8164,12.6676,12.5188,12.37,11.8502,11.3304,10.8106,10.2908,9.771,9.422,9.073,8.724,8.375,8.026,7.4932,6.9604,6.4276
Djibouti,45.466,43.6466,41.8272,40.0078,38.1884,36.369,35.279,34.189,33.099,32.009,30.919,30.0114,29.1038,28.1962,27.2886,26.381,25.7274,25.0738,24.4202,23.7666,23.113,22.4692,21.8254,21.1816
Dominica,,,,,,,,,,,,,,,,,,,,,,,,
Denmark,8.901,8.7222,8.5434,8.3646,8.1858,8.007,7.7292,7.4514,7.1736,6.8958,6.618,6.4682,6.3184,6.1686,6.0188,5.869,5.5824,5.2958,5.0092,4.7226,4.436,4.2776,4.1192,3.9608
DominicanRepublic,114.297,113.6374,112.9778,112.3182,111.6586,110.999,110.719,110.439,110.159,109.879,109.599,109.4194,109.2398,109.0602,108.8806,108.701,107.0856,105.4702,103.8548,102.2394,100.624,99.5292,98.4344,97.3396
Algeria,24.3,22.4138,20.5276,18.6414,16.7552,14.869,13.8312,12.7934,11.7556,10.7178,9.68,9.6814,9.6828,9.6842,9.6856,9.687,10.0358,10.3846,10.7334,11.0822,11.431,11.1112,10.7914,10.4716
EastAsia&Pacific(excludinghighincome),27.53970629,26.46246988,25.35627373,24.16736576,22.80109392,21.36313656,21.26793451,21.0440401,20.67916817,20.16211163,19.5305988,19.05105157,18.73376196,18.63184929,18.63147046,18.81886172,19.23976748,19.77061079,20.33230259,20.95730401,21.60429534,22.20650509,22.75299766,23.20656437
Early-demographicdividend,86.10329756,83.45299023,80.7888857,78.09719639,75.3806552,72.64110155,70.40053864,68.15900752,65.91943623,63.65015875,61.37556685,59.46771752,57.58251369,55.72601532,53.90006585,52.08764552,50.63373618,49.1711069,47.68594554,46.18159,44.65330348,43.17913503,41.68507412,40.17594399
EastAsia&Pacific,25.59191726,24.61506744,23.6162523,22.54357882,21.31974472,20.02698355,19.97289579,19.81292505,19.53549671,19.12311667,18.60545309,18.20778125,17.94059477,17.85714238,17.86422609,18.03342097,18.40023948,18.85764894,19.33460554,19.86653983,20.41107401,20.90767071,21.35868811,21.73890134
Europe&CentralAsia(excludinghighincome),53.58529633,51.18270501,48.77782149,46.35927963,43.93276048,41.47339376,39.47217415,37.45275386,35.43002382,33.38979151,31.34304179,31.27255713,31.22499351,31.19723919,31.17481736,31.14974749,30.71033966,30.27536889,29.81825259,29.34888131,28.87144333,27.77297532,26.6699944,25.55479919
Europe&CentralAsia,36.15338509,34.78734231,33.37581596,31.92521258,30.43893563,28.90685973,27.87005571,26.80194143,25.71441019,24.56463316,23.39791944,23.33536786,23.25254417,23.13592355,22.97923179,22.77706563,22.18192853,21.59536454,21.01850555,20.4306427,19.83670132,18.93061708,18.04526354,17.17599597
Ecuador,85.498,85.2612,85.0244,84.7876,84.5508,84.314,83.9536,83.5932,83.2328,82.8724,82.512,82.6118,82.7116,82.8114,82.9112,83.011,81.8738,80.7366,79.5994,78.4622,77.325,76.7488,76.1726,75.5964
"Egypt,ArabRep.",79.854,75.3252,70.7964,66.2676,61.7388,57.21,56.2648,55.3196,54.3744,53.4292,52.484,51.73,50.976,50.222,49.468,48.714,49.9,51.086,52.272,53.458,54.644,53.5396,52.4352,51.3308
Euroarea,13.6262719,13.16045646,12.68846463,12.20664273,11.71435358,11.21520928,11.25930447,11.29476434,11.3189786,11.32529231,11.32233269,11.12577426,10.92041915,10.71146574,10.50010664,10.29204339,9.955947753,9.619693772,9.283562625,8.94742988,8.610573514,8.236293466,7.868661584,7.511065479
Eritrea,108.178,106.1244,104.0708,102.0172,99.9636,97.91,94.805,91.7,88.595,85.49,82.385,81.1238,79.8626,78.6014,77.3402,76.079,73.0652,70.0514,67.0376,64.0238,61.01,58.3406,55.6712,53.0018
Spain,9.679,9.3544,9.0298,8.7052,8.3806,8.056,8.499,8.942,9.385,9.828,10.271,10.6534,11.0358,11.4182,11.8006,12.183,11.5352,10.8874,10.2396,9.5918,8.944,8.733,8.522,8.311
Estonia,47.089,43.7448,40.4006,37.0564,33.7122,30.368,28.9982,27.6284,26.2586,24.8888,23.519,23.3278,23.1366,22.9454,22.7542,22.563,21.2766,19.9902,18.7038,17.4174,16.131,14.8994,13.6678,12.4362
Ethiopia,117.674,117.6464,117.6188,117.5912,117.5636,117.536,115.0704,112.6048,110.1392,107.6736,105.208,100.8806,96.5532,92.2258,87.8984,83.571,80.2838,76.9966,73.7094,70.4222,67.135,63.6274,60.1198,56.6122
EuropeanUnion,21.11946785,20.38563523,19.6104296,18.77875846,17.90451491,17.00320973,16.72131299,16.44746927,16.18893761,15.9076112,15.63649346,15.55259215,15.44643013,15.30397479,15.11054385,14.87633976,14.29287901,13.73143728,13.19701032,12.66541645,12.14622014,11.55798615,10.98366382,10.41324197
Fragileandconflictaffectedsituations,107.5855542,107.0367648,106.4321674,105.7453447,105.0030434,104.2201564,103.6129456,103.0562775,102.5781878,102.1899784,101.853315,101.2098438,100.5689703,99.91149414,99.25455229,98.58536523,97.15067664,95.67546479,94.15669957,92.62318273,91.02822595,89.46725149,87.84422608,86.16719815
Finland,11.38,10.9968,10.6136,10.2304,9.8472,9.464,9.6894,9.9148,10.1402,10.3656,10.591,10.319,10.047,9.775,9.503,9.231,8.835,8.439,8.043,7.647,7.251,6.9596,6.6682,6.3768
Fiji,62.913,59.4206,55.9282,52.4358,48.9434,45.451,44.594,43.737,42.88,42.023,41.166,41.9814,42.7968,43.6122,44.4276,45.243,44.7742,44.3054,43.8366,43.3678,42.899,43.6644,44.4298,45.1952
France,10.989,10.7528,10.5166,10.2804,10.0442,9.808,10.0006,10.1932,10.3858,10.5784,10.771,10.6164,10.4618,10.3072,10.1526,9.998,9.9014,9.8048,9.7082,9.6116,9.515,9.2816,9.0482,8.8148
FaroeIslands,,,,,,,,,,,,,,,,,,,,,,,,
"Micronesia,Fed.Sts.",48.363,47.6548,46.9466,46.2384,45.5302,44.822,42.7102,40.5984,38.4866,36.3748,34.263,32.4956,30.7282,28.9608,27.1934,25.426,24.052,22.678,21.304,19.93,18.556,17.1252,15.6944,14.2636
Gabon,181.393,177.3726,173.3522,169.3318,165.3114,161.291,156.7246,152.1582,147.5918,143.0254,138.459,135.5162,132.5734,129.6306,126.6878,123.745,121.2392,118.7334,116.2276,113.7218,111.216,106.708,102.2,97.692
UnitedKingdom,30.513,30.4738,30.4346,30.3954,30.3562,30.317,29.5742,28.8314,28.0886,27.3458,26.603,26.4074,26.2118,26.0162,25.8206,25.625,24.1206,22.6162,21.1118,19.6074,18.103,16.7186,15.3342,13.9498
Georgia,68.921,67.2456,65.5702,63.8948,62.2194,60.544,58.1054,55.6668,53.2282,50.7896,48.351,48.832,49.313,49.794,50.275,50.756,49.9516,49.1472,48.3428,47.5384,46.734,43.9324,41.1308,38.3292
Ghana,103.882,100.5316,97.1812,93.8308,90.4804,87.13,85.1754,83.2208,81.2662,79.3116,77.357,76.0796,74.8022,73.5248,72.2474,70.97,70.826,70.682,70.538,70.394,70.25,68.8752,67.5004,66.1256
Gibraltar,,,,,,,,,,,,,,,,,,,,,,,,
Guinea,180.301,179.1144,177.9278,176.7412,175.5546,174.368,172.5512,170.7344,168.9176,167.1008,165.284,163.303,161.322,159.341,157.36,155.379,153.4778,151.5766,149.6754,147.7742,145.873,143.7726,141.6722,139.5718
"Gambia,The",153.2,149.2808,145.3616,141.4424,137.5232,133.604,130.3136,127.0232,123.7328,120.4424,117.152,116.9146,116.6772,116.4398,116.2024,115.965,115.9368,115.9086,115.8804,115.8522,115.824,114.7038,113.5836,112.4634
Guinea-Bissau,138.269,137.5052,136.7414,135.9776,135.2138,134.45,133.029,131.608,130.187,128.766,127.345,126.3438,125.3426,124.3414,123.3402,122.339,117.691,113.043,108.395,103.747,99.099,95.2424,91.3858,87.5292
EquatorialGuinea,134.41,134.3096,134.2092,134.1088,134.0084,133.908,132.8808,131.8536,130.8264,129.7992,128.772,127.5878,126.4036,125.2194,124.0352,122.851,121.147,119.443,117.739,116.035,114.331,112.0642,109.7974,107.5306
Greece,17.254,16.1252,14.9964,13.8676,12.7388,11.61,11.3898,11.1696,10.9494,10.7292,10.509,10.7398,10.9706,11.2014,11.4322,11.663,11.0382,10.4134,9.7886,9.1638,8.539,8.1042,7.6694,7.2346
Grenada,83.455,79.0572,74.6594,70.2616,65.8638,61.466,59.4034,57.3408,55.2782,53.2156,51.153,49.404,47.655,45.906,44.157,42.408,40.998,39.588,38.178,36.768,35.358,33.4268,31.4956,29.5644
Greenland,,,,,,,,,,,,,,,,,,,,,,,,
Guatemala,120.573,119.2234,117.8738,116.5242,115.1746,113.825,111.9068,109.9886,108.0704,106.1522,104.234,102.0278,99.8216,97.6154,95.4092,93.203,91.3696,89.5362,87.7028,85.8694,84.036,82.72,81.404,80.088
Guam,77.524,75.9942,74.4644,72.9346,71.4048,69.875,67.3642,64.8534,62.3426,59.8318,57.321,55.2848,53.2486,51.2124,49.1762,47.14,47.7372,48.3344,48.9316,49.5288,50.126,49.4576,48.7892,48.1208
Guyana,99.075,98.17,97.265,96.36,95.455,94.55,95.676,96.802,97.928,99.054,100.18,98.9588,97.7376,96.5164,95.2952,94.074,93.279,92.484,91.689,90.894,90.099,89.2584,88.4178,87.5772
Highincome,28.38569561,27.83762845,27.27235263,26.65152735,25.96748293,25.2262347,24.74201694,24.232985,23.71315836,23.17067554,22.58860322,22.3492876,22.07865452,21.7924309,21.50790375,21.22587949,20.45698763,19.65878353,18.83164896,18.01033513,17.13496627,15.84642994,14.55776976,13.29482185
"HongKongSAR,China",7.001,6.601,6.201,5.801,5.401,5.001,4.7508,4.5006,4.2504,4.0002,3.75,3.6134,3.4768,3.3402,3.2036,3.067,3.1566,3.2462,3.3358,3.4254,3.515,3.3906,3.2662,3.1418
Honduras,126.499,124.351,122.203,120.055,117.907,115.759,112.5992,109.4394,106.2796,103.1198,99.96,96.7804,93.6008,90.4212,87.2416,84.062,80.9374,77.8128,74.6882,71.5636,68.439,67.0488,65.6586,64.2684
Heavilyindebtedpoorcountries(HIPC),140.4325926,139.6322748,138.772344,137.8386339,136.8621578,135.8193865,134.4679325,133.1262494,131.8322697,130.6126722,129.4563577,127.3141572,125.2019413,123.1058994,121.0059656,118.925116,116.5040399,114.0580376,111.5797457,109.057373,106.5106401,103.7263904,100.9477043,98.18918877
Croatia,20.667,20.3568,20.0466,19.7364,19.4262,19.116,18.335,17.554,16.773,15.992,15.211,15.0844,14.9578,14.8312,14.7046,14.578,13.9494,13.3208,12.6922,12.0636,11.435,10.68,9.925,9.17
Haiti,69.894,68.2744,66.6548,65.0352,63.4156,61.796,59.9332,58.0704,56.2076,54.3448,52.482,51.2734,50.0648,48.8562,47.6476,46.439,45.4042,44.3694,43.3346,42.2998,41.265,40.47,39.675,38.88
Hungary,36.531,34.343,32.155,29.967,27.779,25.591,24.6764,23.7618,22.8472,21.9326,21.018,20.729,20.44,20.151,19.862,19.573,19.503,19.433,19.363,19.293,19.223,18.7178,18.2126,17.7074
IBRDonly,57.27506265,56.19220233,55.01258032,53.6587517,52.0510261,50.29772012,49.04617789,47.59581479,45.96905554,44.18074811,42.2659225,40.59812736,39.1291926,37.9274509,36.93880638,36.14725784,35.72163125,35.34464262,34.94100407,34.51615148,34.0612225,33.51221353,32.86974217,32.11443205
IDA&IBRDtotal,70.81693905,69.99349191,69.05206442,67.90103135,66.45927155,64.85213284,63.60138552,62.15643828,60.55029714,58.78694941,56.90291972,55.23493361,53.79380077,52.66692347,51.79556614,51.18683762,50.93876796,50.74755204,50.51907733,50.24074025,49.93053529,49.45801438,48.87647807,48.16566993
IDAtotal,121.0485767,119.4085001,117.6905749,115.8616996,113.9337416,111.9259618,109.9799427,108.048259,106.1595146,104.353686,102.6020703,100.9692135,99.40088948,97.89403739,96.41458962,94.99596011,93.63945773,92.27576692,90.87442911,89.47500498,88.06112266,86.38513152,84.69159717,82.98925506
IDAblend,106.9414127,104.8928447,102.8053759,100.6640724,98.42537922,96.17435153,94.12558169,92.03270178,89.84822155,87.59098871,85.27421071,83.95049512,82.73181811,81.66304592,80.65483793,79.79946397,79.31212664,78.87878756,78.42255599,78.00712346,77.64436822,76.42691718,75.25359477,74.12860266
Indonesia,63.11,60.0576,57.0052,53.9528,50.9004,47.848,48.4764,49.1048,49.7332,50.3616,50.99,51.093,51.196,51.299,51.402,51.505,51.505,51.505,51.505,51.505,51.505,50.753,50.001,49.249
IDAonly,127.9763743,126.5378252,125.003126,123.3316856,121.5667578,119.6843792,117.7931001,115.9497356,114.229732,112.6825823,111.2657258,109.5340663,107.8238624,106.0939146,104.3499368,102.5903583,100.7260407,98.83152078,96.9129631,94.98343477,93.02136363,91.09146204,89.12007875,87.1167717
IsleofMan,,,,,,,,,,,,,,,,,,,,,,,,
India,94,90.5676,87.1352,83.7028,80.2704,76.838,73.5114,70.1848,66.8582,63.5316,60.205,57.0818,53.9586,50.8354,47.7122,44.589,41.759,38.929,36.099,33.269,30.439,28.0568,25.6746,23.2924
Notclassified,,,,,,,,,,,,,,,,,,,,,,,,
Ireland,15.998,16.5984,17.1988,17.7992,18.3996,19,19.0004,19.0008,19.0012,19.0016,19.002,18.4532,17.9044,17.3556,16.8068,16.258,15.4324,14.6068,13.7812,12.9556,12.13,11.4516,10.7732,10.0948
"Iran,IslamicRep.",75.381,70.0316,64.6822,59.3328,53.9834,48.634,45.6078,42.5816,39.5554,36.5292,33.503,33.0182,32.5334,32.0486,31.5638,31.079,30.5856,30.0922,29.5988,29.1054,28.612,27.8554,27.0988,26.3422
Iraq,67.455,66.9284,66.4018,65.8752,65.3486,64.822,65.0574,65.2928,65.5282,65.7636,65.999,68.7998,71.6006,74.4014,77.2022,80.003,80.003,80.003,80.003,80.003,80.003,81.6186,83.2342,84.8498
Iceland,25.501,25.1046,24.7082,24.3118,23.9154,23.519,22.265,21.011,19.757,18.503,17.249,16.6592,16.0694,15.4796,14.8898,14.3,13.0668,11.8336,10.6004,9.3672,8.134,7.307,6.48,5.653
Israel,19.342,19.0042,18.6664,18.3286,17.9908,17.653,17.3328,17.0126,16.6924,16.3722,16.052,15.6336,15.2152,14.7968,14.3784,13.96,13.4816,13.0032,12.5248,12.0464,11.568,10.8146,10.0612,9.3078
Italy,7.743,7.48,7.217,6.954,6.691,6.428,6.542,6.656,6.77,6.884,6.998,6.9796,6.9612,6.9428,6.9244,6.906,6.801,6.696,6.591,6.486,6.381,6.2324,6.0838,5.9352
Jamaica,103.376,101.6008,99.8256,98.0504,96.2752,94.5,92.0738,89.6476,87.2214,84.7952,82.369,80.5876,78.8062,77.0248,75.2434,73.462,71.5908,69.7196,67.8484,65.9772,64.106,62.3322,60.5584,58.7846
Jordan,48.999,47.317,45.635,43.953,42.271,40.589,39.099,37.609,36.119,34.629,33.139,32.1116,31.0842,30.0568,29.0294,28.002,27.602,27.202,26.802,26.402,26.002,24.8826,23.7632,22.6438
Japan,4,4.08,4.16,4.24,4.32,4.4,4.6798,4.9596,5.2394,5.5192,5.799,5.6642,5.5294,5.3946,5.2598,5.125,5.0068,4.8886,4.7704,4.6522,4.534,4.3462,4.1584,3.9706
Kazakhstan,53.733,51.404,49.075,46.746,44.417,42.088,39.4958,36.9036,34.3114,31.7192,29.127,28.9122,28.6974,28.4826,28.2678,28.053,28.7176,29.3822,30.0468,30.7114,31.376,29.981,28.586,27.191
Kenya,113.546,111.9768,110.4076,108.8384,107.2692,105.7,105.4,105.1,104.8,104.5,104.2,103.4048,102.6096,101.8144,101.0192,100.224,99.0102,97.7964,96.5826,95.3688,94.155,92.843,91.531,90.219
KyrgyzRepublic,68.347,67.3048,66.2626,65.2204,64.1782,63.136,57.3828,51.6296,45.8764,40.1232,34.37,33.4474,32.5248,31.6022,30.6796,29.757,32.1248,34.4926,36.8604,39.2282,41.596,40.7962,39.9964,39.1966
Cambodia,66.781,63.727,60.673,57.619,54.565,51.511,50.8464,50.1818,49.5172,48.8526,48.188,47.946,47.704,47.462,47.22,46.978,47.3456,47.7132,48.0808,48.4484,48.816,49.9346,51.0532,52.1718
Kiribati,45.94,45.064,44.188,43.312,42.436,41.56,39.9484,38.3368,36.7252,35.1136,33.502,32.2492,30.9964,29.7436,28.4908,27.238,26.0172,24.7964,23.5756,22.3548,21.134,19.5494,17.9648,16.3802
St.KittsandNevis,,,,,,,,,,,,,,,,,,,,,,,,
"Korea,Rep.",4.159,3.9176,3.6762,3.4348,3.1934,2.952,2.8014,2.6508,2.5002,2.3496,2.199,2.1778,2.1566,2.1354,2.1142,2.093,2.034,1.975,1.916,1.857,1.798,1.7282,1.6584,1.5886
Kuwait,21.35,22.3408,23.3316,24.3224,25.3132,26.304,24.9764,23.6488,22.3212,20.9936,19.666,18.5694,17.4728,16.3762,15.2796,14.183,13.6564,13.1298,12.6032,12.0766,11.55,10.8486,10.1472,9.4458
LatinAmerica&Caribbean(excludinghighincome),83.32349976,83.54402026,83.76202099,83.97880998,84.18971447,84.40263553,83.4871757,82.56420403,81.62528009,80.67210876,79.69831484,77.95887571,76.23132934,74.52286555,72.82977317,71.15096831,70.38710282,69.61620225,68.83748214,68.05276946,67.26497495,66.27945472,65.29761792,64.31676204
LaoPDR,104.864,101.2154,97.5668,93.9182,90.2696,86.621,84.337,82.053,79.769,77.485,75.201,75.0988,74.9966,74.8944,74.7922,74.69,72.983,71.276,69.569,67.862,66.155,65.348,64.541,63.734
Lebanon,38.987,36.8482,34.7094,32.5706,30.4318,28.293,26.5026,24.7122,22.9218,21.1314,19.341,17.9682,16.5954,15.2226,13.8498,12.477,12.701,12.925,13.149,13.373,13.597,13.1262,12.6554,12.1846
Liberia,161.417,159.5558,157.6946,155.8334,153.9722,152.111,151.1758,150.2406,149.3054,148.3702,147.435,146.3398,145.2446,144.1494,143.0542,141.959,137.0522,132.1454,127.2386,122.3318,117.425,113.9902,110.5554,107.1206
Libya,7.756,7.5568,7.3576,7.1584,6.9592,6.76,6.728,6.696,6.664,6.632,6.6,6.61,6.62,6.63,6.64,6.65,6.585,6.52,6.455,6.39,6.325,6.2694,6.2138,6.1582
St.Lucia,94.627,89.6626,84.6982,79.7338,74.7694,69.805,68.234,66.663,65.092,63.521,61.95,61.8408,61.7316,61.6224,61.5132,61.404,60.385,59.366,58.347,57.328,56.309,55.3476,54.3862,53.4248
LatinAmerica&Caribbean,82.5863598,82.7840086,82.97778363,83.1681765,83.35170167,83.5350474,82.6070434,81.66921298,80.71395112,79.74198408,78.74825209,77.04112803,75.3479738,73.67677413,72.02555306,70.39036779,69.63724345,68.87854936,68.11358293,67.3462818,66.57745349,65.60862656,64.64322089,63.67758201
Leastdevelopedcountries:UNclassification,133.2174781,131.8463799,130.3666988,128.7396179,127.0031824,125.1305765,123.2217031,121.3759555,119.6783233,118.1928744,116.8660894,115.0782783,113.3054398,111.4935084,109.6703835,107.8076456,105.7615715,103.6606057,101.5204268,99.32565681,97.12237248,94.95068966,92.75608078,90.54559414
Lowincome,134.5273349,134.9829021,135.1699258,134.96165,134.4152925,133.5312234,131.7067564,129.9368888,128.3515577,126.9461755,125.6996356,123.844542,122.0012668,120.1260791,118.2051322,116.2794349,113.9070886,111.5121226,109.0934511,106.6349208,104.1600075,101.5657522,98.9757448,96.40613226
Liechtenstein,,,,,,,,,,,,,,,,,,,,,,,,
SriLanka,29.293,29.2664,29.2398,29.2132,29.1866,29.16,28.9088,28.6576,28.4064,28.1552,27.904,26.781,25.658,24.535,23.412,22.289,21.3866,20.4842,19.5818,18.6794,17.777,16.569,15.361,14.153
Lowermiddleincome,89.86747783,87.21175894,84.5359234,81.82049132,79.06811612,76.27857306,74.22174822,72.1630951,70.11684506,68.08455773,66.06325581,64.30218771,62.55300884,60.81978191,59.10062131,57.40022338,56.05152108,54.71465888,53.38079508,52.04696764,50.71610117,49.34445067,47.96589348,46.58102452
Low&middleincome,70.85504802,70.08460629,69.18691599,68.06548229,66.63695765,65.03242261,63.7628028,62.29771662,60.66881226,58.88707386,56.98498803,55.30066412,53.84500168,52.70504442,51.82177114,51.20180667,50.94716394,50.74992602,50.5154449,50.23144238,49.91715004,49.4409597,48.85594026,48.14166339
Lesotho,86.31,87.852,89.394,90.936,92.478,94.02,93.1342,92.2484,91.3626,90.4768,89.591,90.3984,91.2058,92.0132,92.8206,93.628,93.0006,92.3732,91.7458,91.1184,90.491,91.3852,92.2794,93.1736
Late-demographicdividend,30.95797111,30.31428059,29.6550697,28.89573287,27.94624385,26.87992762,26.3958917,25.72775961,24.8877317,23.90450736,22.79029865,21.88934613,21.15833457,20.64921819,20.32693888,20.17941894,20.38383834,20.68213328,21.01137371,21.3777792,21.7860639,22.01263281,22.19287567,22.28274766
Lithuania,44.877,42.2564,39.6358,37.0152,34.3946,31.774,29.6338,27.4936,25.3534,23.2132,21.073,20.6424,20.2118,19.7812,19.3506,18.92,17.9388,16.9576,15.9764,14.9952,14.014,12.8092,11.6044,10.3996
Luxembourg,12.522,12.0494,11.5768,11.1042,10.6316,10.159,10.4674,10.7758,11.0842,11.3926,11.701,11.286,10.871,10.456,10.041,9.626,9.0992,8.5724,8.0456,7.5188,6.992,6.5708,6.1496,5.7284
Latvia,43.505,39.1908,34.8766,30.5624,26.2482,21.934,21.0008,20.0676,19.1344,18.2012,17.268,17.4462,17.6244,17.8026,17.9808,18.159,17.5992,17.0394,16.4796,15.9198,15.36,14.669,13.978,13.287
"MacaoSAR,China",7,6.8816,6.7632,6.6448,6.5264,6.408,5.9568,5.5056,5.0544,4.6032,4.152,3.962,3.772,3.582,3.392,3.202,3.3352,3.4684,3.6016,3.7348,3.868,3.6826,3.4972,3.3118
St.Martin(Frenchpart),,,,,,,,,,,,,,,,,,,,,,,,
Morocco,37.106,36.4684,35.8308,35.1932,34.5556,33.918,33.9338,33.9496,33.9654,33.9812,33.997,33.7114,33.4258,33.1402,32.8546,32.569,32.7522,32.9354,33.1186,33.3018,33.485,32.7784,32.0718,31.3652
Monaco,,,,,,,,,,,,,,,,,,,,,,,,
Moldova,63.178,62.1568,61.1356,60.1144,59.0932,58.072,52.6486,47.2252,41.8018,36.3784,30.955,30.1968,29.4386,28.6804,27.9222,27.164,26.8616,26.5592,26.2568,25.9544,25.652,24.444,23.236,22.028
Madagascar,150.16,151.1518,152.1436,153.1354,154.1272,155.119,153.9898,152.8606,151.7314,150.6022,149.473,146.4332,143.3934,140.3536,137.3138,134.274,131.9876,129.7012,127.4148,125.1284,122.842,120.168,117.494,114.82
Maldives,102.577,91.6972,80.8174,69.9376,59.0578,48.178,43.3276,38.4772,33.6268,28.7764,23.926,21.9898,20.0536,18.1174,16.1812,14.245,13.276,12.307,11.338,10.369,9.4,8.338,7.276,6.214
MiddleEast&NorthAfrica,63.11827163,60.01141695,56.92798875,53.72770767,50.62274293,47.45375401,45.87727099,44.30048618,42.73510099,41.10086211,39.47042265,39.16166551,38.86934751,38.5927346,38.30661176,38.05743145,38.26085244,38.48194267,38.7197425,38.94019605,39.16994668,38.86694439,38.58115476,38.28921303
Mexico,79.826,80.6896,81.5532,82.4168,83.2804,84.144,82.6598,81.1756,79.6914,78.2072,76.723,75.6132,74.5034,73.3936,72.2838,71.174,70.1332,69.0924,68.0516,67.0108,65.97,64.7146,63.4592,62.2038
MarshallIslands,,,,,,,,,,,,,,,,,,,,,,,,
Middleincome,65.14443252,64.1122789,62.96512727,61.61543695,59.98617469,58.19273243,56.8706166,55.34798474,53.64874726,51.79001586,49.80097399,48.11168613,46.63105828,45.43694526,44.47747059,43.74375523,43.42196026,43.15653779,42.86420368,42.5446286,42.20412692,41.7184753,41.14072078,40.44946977
"Macedonia,FYR",43.173,41.4934,39.8138,38.1342,36.4546,34.775,32.5642,30.3534,28.1426,25.9318,23.721,23.1162,22.5114,21.9066,21.3018,20.697,20.3654,20.0338,19.7022,19.3706,19.039,18.4472,17.8554,17.2636
Mali,196.339,195.2604,194.1818,193.1032,192.0246,190.946,190.0094,189.0728,188.1362,187.1996,186.263,184.6406,183.0182,181.3958,179.7734,178.151,178.2906,178.4302,178.5698,178.7094,178.849,177.1464,175.4438,173.7412
Malta,11.884,13.2174,14.5508,15.8842,17.2176,18.551,18.9012,19.2514,19.6016,19.9518,20.302,19.9154,19.5288,19.1422,18.7556,18.369,18.2486,18.1282,18.0078,17.8874,17.767,17.3048,16.8426,16.3804
Myanmar,30.784,29.9136,29.0432,28.1728,27.3024,26.432,26.0362,25.6404,25.2446,24.8488,24.453,23.5608,22.6686,21.7764,20.8842,19.992,19.5216,19.0512,18.5808,18.1104,17.64,17.1758,16.7116,16.2474
MiddleEast&NorthAfrica(excludinghighincome),64.34761062,61.27472018,58.2298892,55.17461429,52.11360134,48.97287808,47.47336893,45.95678134,44.44399368,42.90872523,41.38112026,41.18747877,41.01947005,40.8787737,40.78685017,40.73402118,41.08022668,41.44212256,41.81322183,42.1936955,42.57831945,42.38766497,42.19325906,41.96768763
Montenegro,26.278,25.3918,24.5056,23.6194,22.7332,21.847,20.774,19.701,18.628,17.555,16.482,16.929,17.376,17.823,18.27,18.717,17.6396,16.5622,15.4848,14.4074,13.33,12.897,12.464,12.031
Mongolia,38.421,37.0232,35.6254,34.2276,32.8298,31.432,29.4552,27.4784,25.5016,23.5248,21.548,21.0448,20.5416,20.0384,19.5352,19.032,19.0316,19.0312,19.0308,19.0304,19.03,17.6874,16.3448,15.0022
NorthernMarianaIslands,,,,,,,,,,,,,,,,,,,,,,,,
Mozambique,188.932,187.2686,185.6052,183.9418,182.2784,180.615,181.9708,183.3266,184.6824,186.0382,187.394,184.633,181.872,179.111,176.35,173.589,169.6202,165.6514,161.6826,157.7138,153.745,148.1392,142.5334,136.9276
Mauritania,106.408,105.3192,104.2304,103.1416,102.0528,100.964,99.6352,98.3064,96.9776,95.6488,94.32,92.97,91.62,90.27,88.92,87.57,86.5236,85.4772,84.4308,83.3844,82.338,80.8598,79.3816,77.9034
Mauritius,42.571,41.3146,40.0582,38.8018,37.5454,36.289,36.3276,36.3662,36.4048,36.4434,36.482,36.1592,35.8364,35.5136,35.1908,34.868,33.7262,32.5844,31.4426,30.3008,29.159,28.8782,28.5974,28.3166
Malawi,164.245,164.6148,164.9846,165.3544,165.7242,166.094,164.537,162.98,161.423,159.866,158.309,157.9304,157.5518,157.1732,156.7946,156.416,153.1764,149.9368,146.6972,143.4576,140.218,138.595,136.972,135.349
Malaysia,19.002,18.2014,17.4008,16.6002,15.7996,14.999,14.601,14.203,13.805,13.407,13.009,12.9748,12.9406,12.9064,12.8722,12.838,12.8228,12.8076,12.7924,12.7772,12.762,13.0802,13.3984,13.7166
NorthAmerica,56.20353041,54.62156877,53.04739889,51.48195081,49.90169867,48.32432234,46.76721178,45.21049391,43.65052352,42.07546796,40.50289414,39.85997724,39.219273,38.57767384,37.91506415,37.25507141,35.45489056,33.66387734,31.8828787,30.09186958,28.29294757,25.54854423,22.80669398,20.0721075
Namibia,103.447,100.8356,98.2242,95.6128,93.0014,90.39,88.656,86.922,85.188,83.454,81.72,81.3312,80.9424,80.5536,80.1648,79.776,79.776,79.776,79.776,79.776,79.776,78.5882,77.4004,76.2126
NewCaledonia,35.274,31.4858,27.6976,23.9094,20.1212,16.333,16.8542,17.3754,17.8966,18.4178,18.939,19.4374,19.9358,20.4342,20.9326,21.431,20.9884,20.5458,20.1032,19.6606,19.218,19.1884,19.1588,19.1292
Niger,222.435,222.1288,221.8226,221.5164,221.2102,220.904,220.2324,219.5608,218.8892,218.2176,217.546,216.675,215.804,214.933,214.062,213.191,212.25,211.309,210.368,209.427,208.486,206.045,203.604,201.163
Nigeria,143.433,142.0736,140.7142,139.3548,137.9954,136.636,135.3652,134.0944,132.8236,131.5528,130.282,128.8608,127.4396,126.0184,124.5972,123.176,121.9508,120.7256,119.5004,118.2752,117.05,114.468,111.886,109.304
Nicaragua,146.16,141.9748,137.7896,133.6044,129.4192,125.234,122.8254,120.4168,118.0082,115.5996,113.191,111.4936,109.7962,108.0988,106.4014,104.704,102.32,99.936,97.552,95.168,92.784,91.2078,89.6316,88.0554
Netherlands,7.067,6.888,6.709,6.53,6.351,6.172,6.3532,6.5344,6.7156,6.8968,7.078,6.7212,6.3644,6.0076,5.6508,5.294,5.1348,4.9756,4.8164,4.6572,4.498,4.2934,4.0888,3.8842
Norway,15.748,15.162,14.576,13.99,13.404,12.818,12.2498,11.6816,11.1134,10.5452,9.977,9.7642,9.5514,9.3386,9.1258,8.913,8.3522,7.7914,7.2306,6.6698,6.109,6.0244,5.9398,5.8552
Nepal,135.077,133.6342,132.1914,130.7486,129.3058,127.863,124.4896,121.1162,117.7428,114.3694,110.996,107.5632,104.1304,100.6976,97.2648,93.832,90.0664,86.3008,82.5352,78.7696,75.004,73.7654,72.5268,71.2882
Nauru,,,,,,,,,,,,,,,,,,,,,,,,
NewZealand,33.398,32.6908,31.9836,31.2764,30.5692,29.862,29.2338,28.6056,27.9774,27.3492,26.721,27.397,28.073,28.749,29.425,30.101,29.1426,28.1842,27.2258,26.2674,25.309,24.6234,23.9378,23.2522
OECDmembers,36.30145284,36.01355059,35.68820722,35.30160042,34.8681108,34.38317062,33.78283121,33.1703346,32.56500066,31.88971847,31.19692185,30.83648395,30.46546999,30.10053139,29.78022629,29.4717702,28.66863952,27.84781459,27.00848634,26.16993085,25.29703175,24.0844981,22.87283262,21.6625069
Oman,72.907,67.017,61.127,55.237,49.347,43.457,38.9866,34.5162,30.0458,25.5754,21.105,19.603,18.101,16.599,15.097,13.595,13.0036,12.4122,11.8208,11.2294,10.638,9.6078,8.5776,7.5474
Othersmallstates,89.01397508,87.81637206,86.62855556,85.41556228,83.83759101,82.26255708,80.87479821,79.51345123,78.16676167,76.63822735,75.15574923,74.4186542,73.7160012,73.0049808,71.95337725,71.00742336,69.93689123,69.06698729,68.28452601,67.19500446,66.16234524,64.71697215,63.28991163,61.82841329
Pakistan,76.079,72.816,69.553,66.29,63.027,59.764,56.9988,54.2336,51.4684,48.7032,45.938,45.0736,44.2092,43.3448,42.4804,41.616,41.4576,41.2992,41.1408,40.9824,40.824,39.99,39.156,38.322
Panama,92.482,92.7822,93.0824,93.3826,93.6828,93.983,92.3604,90.7378,89.1152,87.4926,85.87,85.0858,84.3016,83.5174,82.7332,81.949,81.2622,80.5754,79.8886,79.2018,78.515,76.9206,75.3262,73.7318
Peru,69.999,70.0994,70.1998,70.3002,70.4006,70.501,68.7008,66.9006,65.1004,63.3002,61.5,60.1396,58.7792,57.4188,56.0584,54.698,54.1862,53.6744,53.1626,52.6508,52.139,50.9086,49.6782,48.4478
Philippines,50.986,50.6012,50.2164,49.8316,49.4468,49.062,50.024,50.986,51.948,52.91,53.872,53.9148,53.9576,54.0004,54.0432,54.086,54.6682,55.2504,55.8326,56.4148,56.997,58.8826,60.7682,62.6538
Palau,,,,,,,,,,,,,,,,,,,,,,,,
PapuaNewGuinea,68.551,68.4736,68.3962,68.3188,68.2414,68.164,67.5318,66.8996,66.2674,65.6352,65.003,64.256,63.509,62.762,62.015,61.268,60.3922,59.5164,58.6406,57.7648,56.889,56.07,55.251,54.432
Poland,29.363,27.2972,25.2314,23.1656,21.0998,19.034,18.3252,17.6164,16.9076,16.1988,15.49,15.5802,15.6704,15.7606,15.8508,15.941,15.6972,15.4534,15.2096,14.9658,14.722,14.193,13.664,13.135
Pre-demographicdividend,145.7415243,144.7558753,143.7473868,142.7166107,141.6628955,140.6033297,139.6751778,138.7505885,137.8336043,136.9229647,136.0187327,134.3996817,132.797578,131.2198248,129.6571203,128.1211854,126.0978263,124.0624301,122.0024358,119.8978477,117.7730597,115.1560643,112.5295158,109.8974147
PuertoRico,73.183,73.0264,72.8698,72.7132,72.5566,72.4,70.791,69.182,67.573,65.964,64.355,61.4868,58.6186,55.7504,52.8822,50.014,49.4708,48.9276,48.3844,47.8412,47.298,45.0884,42.8788,40.6692
"Korea,Dem.People’sRep.",1.755,1.6532,1.5514,1.4496,1.3478,1.246,1.1896,1.1332,1.0768,1.0204,0.964,0.8994,0.8348,0.7702,0.7056,0.641,0.6404,0.6398,0.6392,0.6386,0.638,0.5994,0.5608,0.5222
Portugal,21.845,21.5594,21.2738,20.9882,20.7026,20.417,20.3734,20.3298,20.2862,20.2426,20.199,19.4064,18.6138,17.8212,17.0286,16.236,15.379,14.522,13.665,12.808,11.951,11.1172,10.2834,9.4496
Paraguay,92.404,92.3036,92.2032,92.1028,92.0024,91.902,88.8454,85.7888,82.7322,79.6756,76.619,74.8606,73.1022,71.3438,69.5854,67.827,66.3098,64.7926,63.2754,61.7582,60.241,59.1124,57.9838,56.8552
WestBankandGaza,110.127,107.6028,105.0786,102.5544,100.0302,97.506,92.3964,87.2868,82.1772,77.0676,71.958,70.7318,69.5056,68.2794,67.0532,65.827,64.9058,63.9846,63.0634,62.1422,61.221,60.1816,59.1422,58.1028
Pacificislandsmallstates,61.60684605,59.71558751,57.65762139,55.49117288,53.35967391,51.17450899,50.23829688,49.32627686,48.46052902,47.69441088,46.98633193,46.76020536,46.46828379,46.10232137,45.69088458,45.23113788,44.32543758,43.393428,42.45341346,41.58023617,40.6939543,40.05348004,39.37908735,38.6897549
Post-demographicdividend,28.98443845,28.40818105,27.82137007,27.20175745,26.53868541,25.84863245,25.30535395,24.73806915,24.15037033,23.52938105,22.86985892,22.68897621,22.47304563,22.23979334,22.01448642,21.78556948,20.95283717,20.08545145,19.18810381,18.30863041,17.37747245,15.98075866,14.58667941,13.22179311
FrenchPolynesia,56.909,55.3594,53.8098,52.2602,50.7106,49.161,48.569,47.977,47.385,46.793,46.201,45.253,44.305,43.357,42.409,41.461,40.806,40.151,39.496,38.841,38.186,37.3194,36.4528,35.5862
Qatar,44.007,39.7622,35.5174,31.2726,27.0278,22.783,22.0234,21.2638,20.5042,19.7446,18.985,18.23,17.475,16.72,15.965,15.21,14.5062,13.8024,13.0986,12.3948,11.691,11.2884,10.8858,10.4832
Romania,48.168,46.6988,45.2296,43.7604,42.2912,40.822,40.0918,39.3616,38.6314,37.9012,37.171,37.5498,37.9286,38.3074,38.6862,39.065,38.7104,38.3558,38.0012,37.6466,37.292,36.206,35.12,34.034
RussianFederation,51.822,48.4678,45.1136,41.7594,38.4052,35.051,33.5634,32.0758,30.5882,29.1006,27.613,27.9486,28.2842,28.6198,28.9554,29.291,28.8178,28.3446,27.8714,27.3982,26.925,25.5276,24.1302,22.7328
Rwanda,58.724,57.5046,56.2852,55.0658,53.8464,52.627,51.4176,50.2082,48.9988,47.7894,46.58,45.348,44.116,42.884,41.652,40.42,38.3138,36.2076,34.1014,31.9952,29.889,28.4676,27.0462,25.6248
SouthAsia,97.95760551,94.6726497,91.37385293,88.04687194,84.69427388,81.31316068,78.08007635,74.84411239,71.61639513,68.40907784,65.20615532,62.38162222,59.56598158,56.75826406,53.93738535,51.12331404,48.69734846,46.2801028,43.87190431,41.47975806,39.08180528,37.04774956,34.99719038,32.92774382
SaudiArabia,59.862,55.338,50.814,46.29,41.766,37.242,33.9286,30.6152,27.3018,23.9884,20.675,18.9466,17.2182,15.4898,13.7614,12.033,11.8038,11.5746,11.3454,11.1162,10.887,10.06,9.233,8.406
Sudan,108.048,108.5328,109.0176,109.5024,109.9872,110.472,112.1538,113.8356,115.5174,117.1992,118.881,116.4282,113.9754,111.5226,109.0698,106.617,102.0868,97.5566,93.0264,88.4962,83.966,79.994,76.022,72.05
Senegal,125.645,122.9,120.155,117.41,114.665,111.92,110.4444,108.9688,107.4932,106.0176,104.542,102.7754,101.0088,99.2422,97.4756,95.709,93.9708,92.2326,90.4944,88.7562,87.018,83.6376,80.2572,76.8768
Singapore,7.889,7.7994,7.7098,7.6202,7.5306,7.441,7.461,7.481,7.501,7.521,7.541,7.225,6.909,6.593,6.277,5.961,5.5506,5.1402,4.7298,4.3194,3.909,3.8712,3.8334,3.7956
SolomonIslands,84.761,82.0334,79.3058,76.5782,73.8506,71.123,70.921,70.719,70.517,70.315,70.113,68.6146,67.1162,65.6178,64.1194,62.621,60.8268,59.0326,57.2384,55.4442,53.65,51.5598,49.4696,47.3794
SierraLeone,176.055,173.739,171.423,169.107,166.791,164.475,162.7572,161.0394,159.3216,157.6038,155.886,153.6366,151.3872,149.1378,146.8884,144.639,140.7786,136.9182,133.0578,129.1974,125.337,122.4688,119.6006,116.7324
ElSalvador,98.73,97.1964,95.6628,94.1292,92.5956,91.062,89.9,88.738,87.576,86.414,85.252,83.5498,81.8476,80.1454,78.4432,76.741,74.7598,72.7786,70.7974,68.8162,66.835,66.1952,65.5554,64.9156
SanMarino,,,,,,,,,,,,,,,,,,,,,,,,
Somalia,101.73,106.6984,111.6668,116.6352,121.6036,126.572,126.6378,126.7036,126.7694,126.8352,126.901,126.9516,127.0022,127.0528,127.1034,127.154,123.7978,120.4416,117.0854,113.7292,110.373,107.7876,105.2022,102.6168
Serbia,36.033,34.9806,33.9282,32.8758,31.8234,30.771,29.7352,28.6994,27.6636,26.6278,25.592,24.8542,24.1164,23.3786,22.6408,21.903,21.6446,21.3862,21.1278,20.8694,20.611,19.9722,19.3334,18.6946
Sub-SaharanAfrica(excludinghighincome),137.940918,136.9155603,135.8601965,134.7644512,133.615682,132.4266075,131.2166529,130.0156846,128.8510109,127.7290936,126.6549274,124.8833014,123.152,121.4491159,119.7420987,118.0590633,116.1806253,114.2889899,112.3736581,110.4091208,108.4289292,105.8710905,103.3107735,100.7519911
SouthSudan,136.059,134.8096,133.5602,132.3108,131.0614,129.812,127.8256,125.8392,123.8528,121.8664,119.88,115.5712,111.2624,106.9536,102.6448,98.336,94.2836,90.2312,86.1788,82.1264,78.074,73.1924,68.3108,63.4292
Sub-SaharanAfrica,137.9318491,136.9065707,135.8512929,134.7557757,133.6071111,132.4181243,131.2083807,130.0076046,128.8432163,127.721727,126.647857,124.8769776,123.1463348,121.4439979,119.737223,118.0544568,116.1761787,114.2848017,112.3696569,110.405578,108.4256977,105.8680979,103.3080092,100.7494081
Smallstates,86.79818189,85.39593272,83.97860969,82.52278736,80.81324357,79.08214247,77.62391447,76.18717789,74.78205049,73.31353956,71.90640011,71.18584489,70.49647269,69.80916216,68.88302197,68.0306274,67.041308,66.17694657,65.35809114,64.34153198,63.34910385,62.00652221,60.66372667,59.28476876
SaoTomeandPrincipe,115.385,113.8506,112.3162,110.7818,109.2474,107.713,106.2168,104.7206,103.2244,101.7282,100.232,98.7858,97.3396,95.8934,94.4472,93.001,92.1192,91.2374,90.3556,89.4738,88.592,86.88,85.168,83.456
Suriname,65.331,64.25,63.169,62.088,61.007,59.926,58.983,58.04,57.097,56.154,55.211,54.4226,53.6342,52.8458,52.0574,51.269,50.6308,49.9926,49.3544,48.7162,48.078,47.2984,46.5188,45.7392
SlovakRepublic,45.361,41.7286,38.0962,34.4638,30.8314,27.199,25.8952,24.5914,23.2876,21.9838,20.68,20.6778,20.6756,20.6734,20.6712,20.669,20.8024,20.9358,21.0692,21.2026,21.336,20.8706,20.4052,19.9398
Slovenia,19.522,17.4516,15.3812,13.3108,11.2404,9.17,8.5076,7.8452,7.1828,6.5204,5.858,5.673,5.488,5.303,5.118,4.933,4.8456,4.7582,4.6708,4.5834,4.496,4.2084,3.9208,3.6332
Sweden,11.37,10.539,9.708,8.877,8.046,7.215,7.0502,6.8854,6.7206,6.5558,6.391,6.3152,6.2394,6.1636,6.0878,6.012,5.9024,5.7928,5.6832,5.5736,5.464,5.541,5.618,5.695
Swaziland,124.793,121.711,118.629,115.547,112.465,109.383,107.9878,106.5926,105.1974,103.8022,102.407,99.5224,96.6378,93.7532,90.8686,87.984,87.6624,87.3408,87.0192,86.6976,86.376,79.9952,73.6144,67.2336
SintMaarten(Dutchpart),,,,,,,,,,,,,,,,,,,,,,,,
Seychelles,68.097,66.0594,64.0218,61.9842,59.9466,57.909,57.9072,57.9054,57.9036,57.9018,57.9,58.3022,58.7044,59.1066,59.5088,59.911,59.933,59.955,59.977,59.999,60.021,58.9794,57.9378,56.8962
SyrianArabRepublic,67.92,67.1456,66.3712,65.5968,64.8224,64.048,61.9782,59.9084,57.8386,55.7688,53.699,51.87,50.041,48.212,46.383,44.554,44.1054,43.6568,43.2082,42.7596,42.311,41.1662,40.0214,38.8766
TurksandCaicosIslands,,,,,,,,,,,,,,,,,,,,,,,,
Chad,218.094,217.7618,217.4296,217.0974,216.7652,216.433,215.092,213.751,212.41,211.069,209.728,204.1582,198.5884,193.0186,187.4488,181.879,175.9062,169.9334,163.9606,157.9878,152.015,144.594,137.173,129.752
EastAsia&Pacific(IDA&IBRDcountries),27.86822431,26.75609203,25.6199252,24.4100436,23.02901047,21.5846759,21.50117263,21.2840907,20.9169296,20.39089867,19.74385267,19.24934011,18.92212615,18.81768936,18.82073089,19.01804788,19.45443377,20.00357205,20.58359628,21.22752346,21.89354246,22.51412005,23.07728858,23.54483965
Europe&CentralAsia(IDA&IBRDcountries),51.52519633,49.11973035,46.71437598,44.30325936,41.89996877,39.46739086,37.57815689,35.68409002,33.81392434,31.91772896,30.02455669,30.01222246,30.01309009,30.01762122,30.01559994,29.99835317,29.56458025,29.13732434,28.70198204,28.25473219,27.80557163,26.76586247,25.72327825,24.66877414
Togo,109.663,107.1262,104.5894,102.0526,99.5158,96.979,96.2936,95.6082,94.9228,94.2374,93.552,93.3896,93.2272,93.0648,92.9024,92.74,92.5394,92.3388,92.1382,91.9376,91.737,91.8462,91.9554,92.0646
Thailand,50.225,49.3276,48.4302,47.5328,46.6354,45.738,44.972,44.206,43.44,42.674,41.908,42.0144,42.1208,42.2272,42.3336,42.44,42.8914,43.3428,43.7942,44.2456,44.697,44.6664,44.6358,44.6052
Tajikistan,57.373,55.9474,54.5218,53.0962,51.6706,50.245,48.3662,46.4874,44.6086,42.7298,40.851,41.154,41.457,41.76,42.063,42.366,41.788,41.21,40.632,40.054,39.476,38.9126,38.3492,37.7858
Turkmenistan,26.421,26.2236,26.0262,25.8288,25.6314,25.434,25.2312,25.0284,24.8256,24.6228,24.42,23.7132,23.0064,22.2996,21.5928,20.886,20.3088,19.7316,19.1544,18.5772,18,17.3494,16.6988,16.0482
LatinAmerica&theCaribbean(IDA&IBRDcountries),82.95576693,83.13214959,83.3079963,83.48686504,83.66275162,83.84408853,82.95823128,82.06628807,81.15973627,80.2403242,79.30423639,77.59295091,75.89138746,74.20568756,72.5329906,70.87176048,70.09618323,69.31591721,68.53154546,67.74510706,66.9584345,65.99040272,65.02532279,64.05937724
Timor-Leste,59.454,61.9486,64.4432,66.9378,69.4324,71.927,71.56,71.193,70.826,70.459,70.092,69.2354,68.3788,67.5222,66.6656,65.809,63.0882,60.3674,57.6466,54.9258,52.205,49.964,47.723,45.482
MiddleEast&NorthAfrica(IDA&IBRDcountries),63.91616129,60.8337159,57.78097096,54.71910048,51.65333637,48.50655575,47.04836129,45.56904379,44.08959021,42.58601107,41.08878876,40.89947323,40.73380699,40.59362262,40.49968335,40.44380318,40.78699555,41.14792597,41.52129138,41.90670879,42.29937404,42.11282614,41.92500768,41.70787807
Tonga,25.53,24.9246,24.3192,23.7138,23.1084,22.503,22.2556,22.0082,21.7608,21.5134,21.266,20.8098,20.3536,19.8974,19.4412,18.985,18.5084,18.0318,17.5552,17.0786,16.602,16.0212,15.4404,14.8596
SouthAsia(IDA&IBRD),97.95760551,94.6726497,91.37385293,88.04687194,84.69427388,81.31316068,78.08007635,74.84411239,71.61639513,68.40907784,65.20615532,62.38162222,59.56598158,56.75826406,53.93738535,51.12331404,48.69734846,46.2801028,43.87190431,41.47975806,39.08180528,37.04774956,34.99719038,32.92774382
Sub-SaharanAfrica(IDA&IBRDcountries),137.9318491,136.9065707,135.8512929,134.7557757,133.6071111,132.4181243,131.2083807,130.0076046,128.8432163,127.721727,126.647857,124.8769776,123.1463348,121.4439979,119.737223,118.0544568,116.1761787,114.2848017,112.3696569,110.405578,108.4256977,105.8680979,103.3080092,100.7494081
TrinidadandTobago,56.07,53.7158,51.3616,49.0074,46.6532,44.299,43.1252,41.9514,40.7776,39.6038,38.43,38.3616,38.2932,38.2248,38.1564,38.088,37.4314,36.7748,36.1182,35.4616,34.805,33.4818,32.1586,30.8354
Tunisia,17.069,15.589,14.109,12.629,11.149,9.669,8.9534,8.2378,7.5222,6.8066,6.091,6.0814,6.0718,6.0622,6.0526,6.043,6.1904,6.3378,6.4852,6.6326,6.78,6.7884,6.7968,6.8052
Turkey,60.833,59.2568,57.6806,56.1044,54.5282,52.952,51.3856,49.8192,48.2528,46.6864,45.12,44.0312,42.9424,41.8536,40.7648,39.676,38.066,36.456,34.846,33.236,31.626,30.021,28.416,26.811
Tuvalu,,,,,,,,,,,,,,,,,,,,,,,,
Tanzania,139.513,138.2674,137.0218,135.7762,134.5306,133.285,133.0262,132.7674,132.5086,132.2498,131.991,131.6802,131.3694,131.0586,130.7478,130.437,128.8914,127.3458,125.8002,124.2546,122.709,121.0462,119.3834,117.7206
Uganda,201.296,199.2398,197.1836,195.1274,193.0712,191.015,187.3194,183.6238,179.9282,176.2326,172.537,168.0156,163.4942,158.9728,154.4514,149.93,145.2736,140.6172,135.9608,131.3044,126.648,120.7472,114.8464,108.9456
Ukraine,57.7,54.8676,52.0352,49.2028,46.3704,43.538,40.6862,37.8344,34.9826,32.1308,29.279,29.5054,29.7318,29.9582,30.1846,30.411,29.9194,29.4278,28.9362,28.4446,27.953,26.419,24.885,23.351
Uppermiddleincome,40.03203119,39.60120878,39.11807842,38.48267312,37.58806672,36.53095977,35.80587713,34.84339737,33.66452706,32.30208547,30.78543127,29.60820937,28.66814123,28.04241126,27.69733475,27.61027256,27.88149702,28.27059654,28.68944005,29.15275134,29.65946028,29.98570832,30.2268373,30.32283214
Uruguay,70.601,69.9376,69.2742,68.6108,67.9474,67.284,66.5246,65.7652,65.0058,64.2464,63.487,63.0382,62.5894,62.1406,61.6918,61.243,60.5912,59.9394,59.2876,58.6358,57.984,57.2492,56.5144,55.7796
UnitedStates,59.612,57.9556,56.2992,54.6428,52.9864,51.33,49.7042,48.0784,46.4526,44.8268,43.201,42.4946,41.7882,41.0818,40.3754,39.669,37.7398,35.8106,33.8814,31.9522,30.023,27.0666,24.1102,21.1538
Uzbekistan,58.055,54.5664,51.0778,47.5892,44.1006,40.612,36.158,31.704,27.25,22.796,18.342,18.2748,18.2076,18.1404,18.0732,18.006,18.0554,18.1048,18.1542,18.2036,18.253,18.0354,17.8178,17.6002
St.VincentandtheGrenadines,87.951,85.5894,83.2278,80.8662,78.5046,76.143,73.8354,71.5278,69.2202,66.9126,64.605,63.4696,62.3342,61.1988,60.0634,58.928,58.044,57.16,56.276,55.392,54.508,53.1164,51.7248,50.3332
"Venezuela,RB",94.939,94.0614,93.1838,92.3062,91.4286,90.551,90.0334,89.5158,88.9982,88.4806,87.963,86.8812,85.7994,84.7176,83.6358,82.554,82.2228,81.8916,81.5604,81.2292,80.898,80.2826,79.6672,79.0518
BritishVirginIslands,,,,,,,,,,,,,,,,,,,,,,,,
VirginIslands(U.S.),77.021,74.5186,72.0162,69.5138,67.0114,64.509,61.496,58.483,55.47,52.457,49.444,49.5452,49.6464,49.7476,49.8488,49.95,49.4166,48.8832,48.3498,47.8164,47.283,45.7366,44.1902,42.6438
Vietnam,33.808,32.9962,32.1844,31.3726,30.5608,29.749,29.3812,29.0134,28.6456,28.2778,27.91,28.4872,29.0644,29.6416,30.2188,30.796,31.849,32.902,33.955,35.008,36.061,37.0902,38.1194,39.1486
Vanuatu,69.822,68.2506,66.6792,65.1078,63.5364,61.965,60.5196,59.0742,57.6288,56.1834,54.738,53.3272,51.9164,50.5056,49.0948,47.684,47.1094,46.5348,45.9602,45.3856,44.811,44.1226,43.4342,42.7458
World,64.89969621,64.22504426,63.43943248,62.44438004,61.18825797,59.76772908,58.67524205,57.41847492,56.0287415,54.48115877,52.83088696,51.40532902,50.15197051,49.14796255,48.34277729,47.75138753,47.41338155,47.12442891,46.80907777,46.44942008,46.06721748,45.51448994,44.88308495,44.15033877
Samoa,33.669,35.954,38.239,40.524,42.809,45.094,43.4742,41.8544,40.2346,38.6148,36.995,35.9308,34.8666,33.8024,32.7382,31.674,30.9894,30.3048,29.6202,28.9356,28.251,26.9306,25.6102,24.2898
Kosovo,,,,,,,,,,,,,,,,,,,,,,,,
"Yemen,Rep.",146.24,139.255,132.27,125.285,118.3,111.315,106.307,101.299,96.291,91.283,86.275,84.6464,83.0178,81.3892,79.7606,78.132,75.5556,72.9792,70.4028,67.8264,65.25,63.7318,62.2136,60.6954
SouthAfrica,90.796,88.7538,86.7116,84.6694,82.6272,80.585,78.6124,76.6398,74.6672,72.6946,70.722,68.4096,66.0972,63.7848,61.4724,59.16,57.5004,55.8408,54.1812,52.5216,50.862,48.7214,46.5808,44.4402
Zambia,162.66,158.8654,155.0708,151.2762,147.4816,143.687,143.6048,143.5226,143.4404,143.3582,143.276,139.0234,134.7708,130.5182,126.2656,122.013,118.2768,114.5406,110.8044,107.0682,103.332,98.1738,93.0156,87.8574
Zimbabwe,111.02,110.8408,110.6616,110.4824,110.3032,110.124,109.553,108.982,108.411,107.84,107.269,109.3162,111.3634,113.4106,115.4578,117.505,116.6702,115.8354,115.0006,114.1658,113.331,111.8664,110.4018,108.9372
