country,1993,1994,1995,1996,1997,1998,1999,2000,2001,2002,2003,2004,2005,2006,2007,2008,2009,2010,2011,2012,2013,2014,2015
Aruba,2.149,2.108,2.064,2.021,1.979,1.94,1.905,1.874,1.848,1.825,1.805,1.786,1.77,1.754,1.741,1.728,1.716,1.704,1.692,1.68,1.669,1.657,1.647
Afghanistan,7.535,7.572,7.606,7.63,7.636,7.617,7.571,7.496,7.395,7.273,7.137,6.987,6.822,6.639,6.437,6.218,5.985,5.746,5.506,5.272,5.05,4.843,4.653
Angola,7.139,7.112,7.083,7.051,7.017,6.981,6.943,6.905,6.866,6.829,6.792,6.755,6.716,6.671,6.619,6.559,6.492,6.416,6.335,6.251,6.165,6.08,5.996
Albania,2.751,2.672,2.591,2.508,2.423,2.337,2.249,2.16,2.068,1.975,1.884,1.798,1.724,1.668,1.635,1.625,1.636,1.663,1.699,1.735,1.765,1.784,1.793
Andorra,,,,,,,,,,,,,,1.24,1.18,1.25,1.19,1.27,,,,,
Arab World,4.741838126,4.582240665,4.41760181,4.274179046,4.139907568,4.015909936,3.903593037,3.804565735,3.718197479,3.644840809,3.583492598,3.533606891,3.495476179,3.469211497,3.454137417,3.448331475,3.448204659,3.449015445,3.446813623,3.43714584,3.417847723,3.387746656,3.347607376
United Arab Emirates,3.784,3.583,3.393,3.215,3.052,2.902,2.766,2.644,2.532,2.428,2.329,2.236,2.149,2.071,2.004,1.948,1.903,1.868,1.841,1.82,1.801,1.784,1.767
Argentina,2.866,2.815,2.762,2.711,2.664,2.623,2.589,2.561,2.537,2.516,2.495,2.474,2.452,2.432,2.413,2.396,2.382,2.37,2.358,2.347,2.335,2.322,2.308
Armenia,2.295,2.176,2.053,1.938,1.838,1.762,1.712,1.688,1.687,1.698,1.714,1.729,1.737,1.736,1.726,1.707,1.68,1.648,1.613,1.581,1.553,1.531,1.517
American Samoa,,,,,,,,,,,,,,,,,,,,,,,
Antigua and Barbuda,2.128,2.166,2.208,2.248,2.281,2.304,2.316,2.316,2.305,2.288,2.268,2.246,2.224,2.203,2.183,2.164,2.146,2.13,2.115,2.102,2.088,2.075,2.063
Australia,1.859,1.842,1.822,1.796,1.778,1.762,1.755,1.756,1.739,1.756,1.748,1.768,1.807,1.908,1.959,1.984,1.971,1.928,1.927,1.921,1.859,1.833,1.833
Austria,1.5,1.47,1.42,1.45,1.39,1.37,1.34,1.36,1.33,1.39,1.38,1.42,1.41,1.41,1.38,1.42,1.39,1.44,1.43,1.44,1.44,1.47,1.47
Azerbaijan,2.7,2.52,2.29,2.06,2.07,2,2.07,2,1.8,1.8,1.9,2.0535,2,1.97,1.97,1.9,1.82,1.92,1.96,2,1.98,1.97,1.97
Burundi,7.418,7.368,7.318,7.267,7.217,7.165,7.112,7.057,7,6.939,6.873,6.803,6.729,6.649,6.566,6.48,6.391,6.302,6.212,6.123,6.035,5.948,5.863
Belgium,1.61,1.56,1.56,1.59,1.6,1.6,1.62,1.67,1.67,1.65,1.67,1.72,1.76,1.8,1.82,1.85,1.84,1.86,1.81,1.79,1.75,1.74,1.74
Benin,6.526,6.446,6.365,6.284,6.205,6.128,6.051,5.975,5.898,5.818,5.733,5.645,5.553,5.459,5.365,5.272,5.182,5.094,5.009,4.927,4.846,4.766,4.688
Burkina Faso,6.917,6.882,6.844,6.801,6.754,6.704,6.65,6.592,6.531,6.468,6.403,6.335,6.265,6.192,6.116,6.036,5.953,5.867,5.78,5.693,5.607,5.521,5.437
Bangladesh,3.99,3.846,3.713,3.592,3.479,3.372,3.269,3.169,3.069,2.971,2.874,2.779,2.687,2.6,2.521,2.449,2.387,2.332,2.286,2.245,2.209,2.175,2.144
Bulgaria,1.46,1.37,1.23,1.23,1.09,1.11,1.23,1.26,1.21,1.23,1.26,1.33,1.37,1.44,1.49,1.56,1.66,1.57,1.51,1.5,1.48,1.53,1.53
Bahrain,3.335,3.212,3.1,3.005,2.926,2.862,2.81,2.765,2.718,2.665,2.602,2.529,2.449,2.367,2.292,2.229,2.179,2.142,2.115,2.095,2.075,2.056,2.035
"Bahamas, The",2.601,2.566,2.514,2.443,2.357,2.263,2.165,2.071,1.989,1.924,1.88,1.857,1.853,1.862,1.877,1.891,1.901,1.904,1.9,1.893,1.883,1.872,1.861
Bosnia and Herzegovina,1.671,1.659,1.648,1.63,1.598,1.55,1.486,1.413,1.342,1.282,1.242,1.221,1.22,1.234,1.253,1.27,1.283,1.288,1.286,1.28,1.272,1.263,1.253
Belarus,1.623,1.533,1.406,1.335,1.25,1.3,1.31,1.317,1.286,1.24,1.232,1.233,1.252,1.335,1.429,1.488,1.509,1.494,1.515,1.62,1.668,1.696,1.724
Belize,4.286,4.201,4.109,4.01,3.908,3.805,3.703,3.6,3.496,3.39,3.282,3.175,3.072,2.977,2.893,2.821,2.762,2.714,2.676,2.643,2.611,2.579,2.546
Bermuda,,,1.8,,,,,1.74,1.75,1.77,1.8,1.78,1.76,1.76,1.76,1.77,1.76,1.76,1.59,1.59,1.63,1.63,1.62
Bolivia,4.664,4.585,4.503,4.418,4.331,4.241,4.148,4.055,3.96,3.866,3.773,3.683,3.595,3.51,3.427,3.348,3.271,3.2,3.133,3.073,3.017,2.968,2.923
Brazil,2.583,2.537,2.502,2.474,2.451,2.427,2.399,2.364,2.318,2.264,2.202,2.135,2.066,2.002,1.944,1.898,1.863,1.838,1.823,1.812,1.801,1.79,1.778
Barbados,1.728,1.729,1.73,1.733,1.736,1.739,1.742,1.744,1.746,1.749,1.752,1.755,1.759,1.763,1.768,1.772,1.777,1.781,1.785,1.788,1.791,1.794,1.796
Brunei Darussalam,3.209,3.08,2.946,2.806,2.664,2.526,2.395,2.278,2.181,2.105,2.049,2.013,1.994,1.986,1.982,1.977,1.968,1.953,1.934,1.913,1.893,1.874,1.856
Bhutan,5.003,4.796,4.597,4.4,4.203,4.002,3.801,3.604,3.417,3.247,3.095,2.962,2.844,2.738,2.636,2.534,2.431,2.331,2.236,2.152,2.082,2.027,1.984
Botswana,4.252,4.117,3.989,3.866,3.746,3.631,3.519,3.413,3.312,3.219,3.134,3.06,2.998,2.952,2.921,2.903,2.895,2.893,2.89,2.881,2.864,2.836,2.799
Central African Republic,5.653,5.622,5.596,5.573,5.55,5.522,5.488,5.446,5.393,5.329,5.257,5.176,5.089,4.996,4.902,4.807,4.714,4.624,4.537,4.451,4.368,4.286,4.206
Canada,1.7,1.6695,1.639,1.592,1.55,1.53,1.51,1.49,1.505,1.52,1.53,1.53,1.54,1.5862,1.6589,1.6808,1.668,1.6269,1.61,1.6142,1.587,1.6,1.6
Central Europe and the Baltics,1.670989397,1.590166212,1.468868731,1.429212804,1.381732765,1.338472158,1.311527255,1.317697028,1.275726692,1.253509065,1.251069335,1.276482,1.312669617,1.341917279,1.381133313,1.46621365,1.49028349,1.465043183,1.39596396,1.415434129,1.378132132,1.434860589,1.434490062
Switzerland,1.51,1.49,1.48,1.5,1.48,1.47,1.48,1.5,1.38,1.39,1.39,1.42,1.42,1.44,1.46,1.48,1.5,1.52,1.52,1.52,1.52,1.54,1.54
Channel Islands,1.45,1.441,1.43,1.42,1.411,1.405,1.402,1.402,1.404,1.408,1.411,1.413,1.415,1.417,1.42,1.424,1.43,1.436,1.444,1.451,1.459,1.466,1.473
Chile,2.358,2.311,2.265,2.222,2.181,2.143,2.107,2.073,2.042,2.013,1.986,1.959,1.934,1.91,1.887,1.865,1.844,1.824,1.806,1.789,1.774,1.761,1.749
China,1.952,1.806,1.684,1.59,1.522,1.477,1.453,1.447,1.455,1.469,1.486,1.502,1.513,1.521,1.526,1.531,1.535,1.539,1.544,1.549,1.555,1.562,1.569
Cote d'Ivoire,6.374,6.298,6.224,6.152,6.08,6.008,5.935,5.861,5.788,5.716,5.645,5.577,5.512,5.45,5.392,5.337,5.283,5.231,5.177,5.121,5.063,5.001,4.937
Cameroon,6.173,6.08,5.989,5.903,5.823,5.749,5.682,5.621,5.567,5.515,5.464,5.413,5.358,5.299,5.235,5.166,5.093,5.017,4.938,4.859,4.781,4.704,4.63
"Congo, Dem. Rep.",7.111,7.119,7.122,7.12,7.112,7.099,7.079,7.053,7.018,6.975,6.924,6.865,6.799,6.725,6.646,6.563,6.476,6.386,6.294,6.199,6.103,6.006,5.908
"Congo, Rep.",5.194,5.163,5.142,5.128,5.121,5.116,5.113,5.109,5.105,5.101,5.096,5.089,5.081,5.072,5.063,5.052,5.038,5.02,4.994,4.961,4.919,4.869,4.811
Colombia,2.794,2.727,2.66,2.596,2.535,2.481,2.432,2.389,2.349,2.311,2.274,2.236,2.197,2.157,2.118,2.08,2.044,2.01,1.978,1.948,1.922,1.897,1.875
Comoros,6.053,5.941,5.835,5.736,5.642,5.552,5.466,5.384,5.307,5.235,5.167,5.103,5.042,4.984,4.927,4.87,4.813,4.755,4.693,4.628,4.56,4.49,4.418
Cabo Verde,4.866,4.713,4.554,4.389,4.216,4.036,3.852,3.666,3.484,3.309,3.147,3,2.87,2.759,2.665,2.586,2.52,2.464,2.417,2.376,2.339,2.303,2.268
Costa Rica,2.973,2.899,2.821,2.737,2.649,2.557,2.463,2.373,2.29,2.216,2.155,2.105,2.065,2.034,2.006,1.979,1.951,1.922,1.893,1.866,1.841,1.819,1.8
Caribbean small states,2.762285143,2.711345372,2.662063343,2.615386868,2.568954024,2.522983907,2.478103375,2.434870213,2.395021451,2.359028297,2.327136077,2.298720841,2.274002477,2.251730513,2.230071421,2.207950659,2.185188357,2.161554753,2.138737464,2.116783179,2.096067662,2.076746418,2.059411299
Cuba,1.657,1.641,1.634,1.633,1.635,1.638,1.641,1.642,1.641,1.64,1.639,1.638,1.637,1.636,1.636,1.636,1.636,1.635,1.632,1.628,1.622,1.615,1.606
Curacao,,,,,,,,,,,,,,2.1,2,2.2,2.1,2.2,2.1,2.2,2.1,2,1.9
Cayman Islands,,,,,,,,,,,,,,,,,,,,,,,
Cyprus,2.278,2.206,2.124,2.035,1.945,1.86,1.781,1.714,1.658,1.613,1.577,1.549,1.529,1.514,1.504,1.496,1.489,1.481,1.473,1.464,1.455,1.446,1.438
Czech Republic,1.67,1.44,1.28,1.18,1.17,1.16,1.13,1.15,1.15,1.17,1.18,1.23,1.29,1.34,1.45,1.51,1.51,1.51,1.43,1.45,1.46,1.53,1.53
Germany,1.28,1.24,1.25,1.3,1.35,1.36,1.36,1.38,1.35,1.34,1.34,1.36,1.34,1.33,1.37,1.38,1.36,1.39,1.39,1.41,1.42,1.47,1.5
Djibouti,5.727,5.549,5.352,5.15,4.953,4.772,4.611,4.472,4.353,4.244,4.14,4.038,3.938,3.839,3.744,3.653,3.567,3.484,3.406,3.332,3.262,3.195,3.131
Dominica,,,,,1.9,,,,,1.9,1.9,,,,,,,,,,,,
Denmark,1.75,1.81,1.8,1.75,1.75,1.72,1.73,1.77,1.74,1.72,1.76,1.78,1.8,1.85,1.84,1.89,1.84,1.87,1.75,1.73,1.67,1.69,1.69
Dominican Republic,3.262,3.195,3.13,3.069,3.014,2.966,2.926,2.892,2.862,2.835,2.807,2.779,2.749,2.718,2.687,2.656,2.627,2.597,2.568,2.539,2.51,2.48,2.451
Algeria,3.962,3.702,3.448,3.208,2.988,2.796,2.635,2.514,2.438,2.404,2.407,2.441,2.499,2.576,2.661,2.744,2.818,2.873,2.903,2.909,2.893,2.857,2.805
East Asia & Pacific (excluding high income),2.261063618,2.135549693,2.028987709,1.942694251,1.877973469,1.832589396,1.804023569,1.789722111,1.787036282,1.78954532,1.794986071,1.800376388,1.802818503,1.804873078,1.805135919,1.805836547,1.80659319,1.807878857,1.809540741,1.811085053,1.812974985,1.815109671,1.816631255
Early-demographic dividend,3.905507385,3.80818511,3.719013694,3.63110985,3.547995731,3.468353033,3.393471262,3.321368575,3.252432939,3.188099297,3.124772242,3.066537606,3.008593745,2.955538265,2.906728681,2.859482104,2.813406908,2.768891531,2.727082429,2.688097427,2.653061203,2.6190607,2.585282947
East Asia & Pacific,2.186922898,2.077794696,1.97713084,1.898456613,1.836981868,1.793760249,1.765300241,1.755824726,1.747307698,1.746490894,1.750602401,1.75591099,1.756013948,1.763423118,1.768818123,1.770249725,1.769948991,1.773782002,1.776142404,1.780245472,1.779076837,1.781188178,1.785184832
Europe & Central Asia (excluding high income),1.974868186,1.926974107,1.869571961,1.796980981,1.732316907,1.698155587,1.640928198,1.635844144,1.626699546,1.655402088,1.664429308,1.69585619,1.668796303,1.696794917,1.763385788,1.833423157,1.84273155,1.838045874,1.832582211,1.884856762,1.894029541,1.928279339,1.930697022
Europe & Central Asia,1.740120663,1.697068004,1.652791535,1.618867291,1.591060795,1.569428006,1.543355458,1.554919484,1.541021435,1.553991539,1.567795995,1.596676158,1.58785295,1.617623217,1.661934619,1.71922184,1.717220327,1.723473356,1.70781126,1.732697545,1.720444253,1.747403803,1.751831566
Ecuador,3.514,3.437,3.364,3.294,3.225,3.157,3.09,3.027,2.968,2.914,2.868,2.828,2.793,2.763,2.736,2.71,2.684,2.656,2.628,2.599,2.571,2.542,2.513
"Egypt, Arab Rep.",4.048,3.865,3.705,3.571,3.459,3.367,3.293,3.233,3.181,3.133,3.088,3.047,3.016,3.004,3.016,3.055,3.114,3.184,3.253,3.306,3.336,3.338,3.314
Euro area,1.43497993,1.397701389,1.382947308,1.395748756,1.414807026,1.415672701,1.431067344,1.470520969,1.456340483,1.459103322,1.473473135,1.4960476,1.500097638,1.523403266,1.540545375,1.581027423,1.564444809,1.580529117,1.562313159,1.554716621,1.531152817,1.555060578,1.563084031
Eritrea,6.137,6.03,5.914,5.793,5.67,5.549,5.434,5.328,5.233,5.149,5.073,5.005,4.942,4.881,4.818,4.752,4.681,4.605,4.525,4.444,4.363,4.284,4.207
Spain,1.26,1.19,1.16,1.14,1.15,1.13,1.17,1.22,1.23,1.25,1.3,1.31,1.33,1.36,1.38,1.45,1.38,1.37,1.34,1.32,1.27,1.32,1.32
Estonia,1.49,1.42,1.38,1.37,1.32,1.28,1.3,1.36,1.32,1.36,1.37,1.47,1.52,1.58,1.69,1.72,1.7,1.72,1.61,1.56,1.52,1.54,1.54
Ethiopia,7.094,7.046,6.995,6.935,6.861,6.769,6.659,6.529,6.38,6.218,6.046,5.87,5.693,5.52,5.353,5.194,5.044,4.903,4.77,4.642,4.517,4.395,4.275
European Union,1.533114632,1.490909326,1.449806382,1.450081656,1.450091654,1.439846346,1.440428543,1.464376625,1.44712048,1.445683019,1.464154535,1.491123607,1.503167528,1.534119323,1.558792597,1.609764795,1.601236501,1.612314843,1.582043308,1.583426011,1.547573047,1.571785801,1.577264275
Fragile and conflict affected situations,5.746722678,5.687747837,5.628849256,5.56740777,5.506057111,5.444884792,5.385262196,5.327912305,5.273666449,5.220528545,5.167348774,5.113083668,5.056749149,4.995892057,4.93375527,4.870981456,4.807536082,4.744356043,4.681432182,4.618238613,4.555042308,4.491299575,4.427500701
Finland,1.81,1.85,1.81,1.76,1.75,1.7,1.73,1.73,1.73,1.72,1.76,1.8,1.8,1.84,1.83,1.85,1.86,1.87,1.83,1.8,1.75,1.71,1.71
Fiji,3.33,3.305,3.276,3.244,3.209,3.171,3.132,3.09,3.046,3.001,2.954,2.907,2.86,2.816,2.774,2.736,2.701,2.669,2.641,2.615,2.589,2.564,2.54
France,1.73,1.73,1.74,1.75,1.77,1.78,1.81,1.89,1.9,1.88,1.89,1.92,1.94,2,1.98,2.01,2,2.03,2.01,2.01,1.99,2.01,2.01
Faroe Islands,2.5,2.4,2.5,2.6,2.5,2.3,2.3,2.6,2.3,2.6,2.5,2.6,2.6,2.5,2.6,2.6,2.4,2.5,2.3,2.6,2.5,2.6,2.4
"Micronesia, Fed. Sts.",4.766,4.716,4.664,4.608,4.544,4.471,4.39,4.3,4.204,4.105,4.007,3.912,3.823,3.739,3.661,3.589,3.522,3.46,3.402,3.347,3.294,3.243,3.193
Gabon,5.176,5.087,4.996,4.903,4.809,4.716,4.625,4.539,4.46,4.389,4.327,4.274,4.23,4.194,4.164,4.138,4.112,4.083,4.05,4.01,3.963,3.909,3.849
United Kingdom,1.76,1.74,1.71,1.73,1.72,1.71,1.68,1.64,1.63,1.63,1.7,1.75,1.76,1.82,1.86,1.91,1.89,1.92,1.91,1.92,1.83,1.81,1.81
Georgia,2.013,1.946,1.879,1.812,1.749,1.692,1.643,1.609,1.592,1.593,1.609,1.639,1.678,1.719,1.758,1.788,1.809,1.82,1.822,1.82,1.817,1.816,1.815
Ghana,5.277,5.164,5.057,4.957,4.869,4.792,4.727,4.67,4.618,4.568,4.517,4.464,4.413,4.367,4.33,4.303,4.285,4.272,4.258,4.238,4.209,4.168,4.117
Gibraltar,,,,,,,,,,,,,,,,,,,,,,,
Guinea,6.493,6.444,6.391,6.334,6.273,6.211,6.147,6.082,6.015,5.947,5.877,5.804,5.729,5.653,5.575,5.497,5.417,5.337,5.256,5.175,5.094,5.013,4.932
"Gambia, The",6.07,6.056,6.039,6.018,5.995,5.97,5.944,5.917,5.891,5.867,5.845,5.827,5.812,5.803,5.799,5.798,5.798,5.796,5.789,5.775,5.751,5.717,5.674
Guinea-Bissau,6.458,6.381,6.294,6.201,6.104,6.007,5.911,5.818,5.728,5.642,5.558,5.478,5.403,5.332,5.267,5.206,5.148,5.091,5.033,4.972,4.906,4.835,4.761
Equatorial Guinea,5.902,5.901,5.897,5.888,5.872,5.847,5.814,5.773,5.726,5.676,5.623,5.568,5.512,5.454,5.391,5.324,5.253,5.176,5.095,5.011,4.924,4.835,4.745
Greece,1.32,1.33,1.28,1.26,1.27,1.24,1.23,1.25,1.25,1.28,1.29,1.31,1.34,1.4,1.41,1.5,1.5,1.48,1.4,1.34,1.29,1.3,1.3
Grenada,3.401,3.254,3.116,2.988,2.87,2.762,2.666,2.582,2.512,2.455,2.409,2.373,2.344,2.321,2.301,2.281,2.261,2.24,2.217,2.194,2.171,2.149,2.127
Greenland,2.578,2.527,2.512,2.493,2.69,2.457,2.415,2.329,2.51,2.566,2.372,2.415,2.377,2.256,2.299,2.247,2.359,2.195,2.117,2.019,2.077,2.037,2
Guatemala,5.102,5.024,4.939,4.847,4.75,4.648,4.543,4.434,4.322,4.207,4.091,3.976,3.865,3.76,3.664,3.578,3.501,3.434,3.373,3.317,3.263,3.211,3.159
Guam,2.899,2.881,2.872,2.87,2.867,2.86,2.846,2.824,2.794,2.759,2.72,2.679,2.638,2.599,2.562,2.528,2.498,2.472,2.448,2.427,2.406,2.386,2.366
Guyana,3.4,3.332,3.267,3.206,3.15,3.101,3.059,3.022,2.989,2.958,2.926,2.894,2.86,2.824,2.787,2.751,2.715,2.68,2.647,2.615,2.585,2.558,2.532
High income,1.768124463,1.747461829,1.710954032,1.70399442,1.692367733,1.687709067,1.681113175,1.708656312,1.677080578,1.663555897,1.674399702,1.685052237,1.683323664,1.723447291,1.749582844,1.758019555,1.729816679,1.721442231,1.700748296,1.702347491,1.673727739,1.683953803,1.686310862
"Hong Kong SAR, China",1.342,1.355,1.295,1.191,1.127,1.017,0.982,1.035,0.932,0.939,0.901,0.927,0.966,0.984,1.028,1.064,1.055,1.127,1.204,1.285,1.124,1.234,1.195
Honduras,4.86,4.758,4.649,4.531,4.405,4.272,4.134,3.993,3.849,3.706,3.564,3.427,3.293,3.164,3.039,2.918,2.802,2.695,2.599,2.514,2.442,2.382,2.332
Heavily indebted poor countries (HIPC),6.487080653,6.436257782,6.384997328,6.331360948,6.275215051,6.216098507,6.154338047,6.08988128,6.022071421,5.951986796,5.879322078,5.804143053,5.726172649,5.644824698,5.561577761,5.477294562,5.392264479,5.307135737,5.221454449,5.136047873,5.051353992,4.967621506,4.885233163
Croatia,1.52,1.47,1.58,1.67,1.69,1.45,1.38,1.39,1.46,1.42,1.41,1.43,1.5,1.47,1.48,1.55,1.58,1.55,1.48,1.51,1.46,1.46,1.46
Haiti,5.103,4.997,4.89,4.779,4.665,4.547,4.425,4.302,4.182,4.065,3.955,3.853,3.757,3.667,3.579,3.493,3.408,3.325,3.245,3.169,3.098,3.033,2.973
Hungary,1.68,1.64,1.57,1.46,1.37,1.32,1.28,1.32,1.31,1.3,1.27,1.28,1.31,1.34,1.32,1.35,1.32,1.25,1.23,1.34,1.35,1.44,1.44
IBRD only,2.766073995,2.669006028,2.577598365,2.50235719,2.437170884,2.38867757,2.344725617,2.312883591,2.286851049,2.266347223,2.247298684,2.229740557,2.207388133,2.190308199,2.176526597,2.165002137,2.150442373,2.136759677,2.123790619,2.117064217,2.106379405,2.099308625,2.089987515
IDA & IBRD total,3.288786305,3.197639938,3.113245022,3.040301748,2.975040864,2.925705635,2.880182032,2.843889501,2.813199553,2.78857162,2.764665167,2.743837008,2.718507806,2.69835553,2.681687604,2.666881802,2.649157682,2.632246286,2.615833035,2.605050522,2.592356044,2.582456225,2.570365889
IDA total,5.629359165,5.539616996,5.463237905,5.375292918,5.289914605,5.205679361,5.125750628,5.04572857,4.968621748,4.898736614,4.826379406,4.763227268,4.696504875,4.635045851,4.577739309,4.520475428,4.459821046,4.397767723,4.337181652,4.279516907,4.226173593,4.172690658,4.117575321
IDA blend,5.613357864,5.502954045,5.421965059,5.316892562,5.216845954,5.116030619,5.030883685,4.946157217,4.868486594,4.811958809,4.746731517,4.709421398,4.664556953,4.633653358,4.615347414,4.591655641,4.551770635,4.500282547,4.45029669,4.402253867,4.364270542,4.319430089,4.266826606
Indonesia,2.844,2.764,2.691,2.628,2.575,2.534,2.503,2.483,2.473,2.469,2.471,2.475,2.481,2.489,2.497,2.504,2.51,2.513,2.509,2.5,2.484,2.463,2.437
IDA only,5.637277242,5.557741507,5.483617913,5.404143641,5.326014566,5.249963745,5.17260108,5.094924825,5.01812232,4.941678583,4.865840089,4.789904395,4.7123431,4.635735883,4.559128222,4.485314932,4.414480008,4.347248295,4.281511795,4.219210273,4.15841463,4.100803876,4.044598021
Isle of Man,,1.8,,,,,,,,1.65,,,,,,,,,,,,,
India,3.798,3.723,3.651,3.581,3.513,3.446,3.379,3.311,3.243,3.174,3.105,3.036,2.966,2.896,2.826,2.755,2.687,2.622,2.563,2.51,2.465,2.427,2.395
Not classified,,,,,,,,,,,,,,,,,,,,,,,
Ireland,1.9,1.85,1.84,1.88,1.93,1.94,1.9,1.89,1.94,1.97,1.96,1.93,1.86,1.91,2.01,2.06,2.06,2.05,2.03,2,1.96,1.94,1.94
"Iran, Islamic Rep.",3.81,3.5,3.216,2.961,2.734,2.533,2.358,2.211,2.092,1.997,1.925,1.87,1.831,1.805,1.788,1.779,1.772,1.765,1.755,1.742,1.726,1.707,1.685
Iraq,5.61,5.517,5.423,5.323,5.218,5.107,4.995,4.888,4.792,4.715,4.658,4.623,4.608,4.61,4.623,4.639,4.653,4.659,4.654,4.637,4.607,4.566,4.515
Iceland,2.22,2.14,2.08,2.12,2.04,2.05,1.99,2.08,1.95,1.93,1.99,2.04,2.05,2.08,2.09,2.15,2.23,2.2,2.02,2.04,1.93,1.93,1.93
Israel,2.8,2.9,2.9,2.9,2.94,2.98,2.965,2.95,2.92,2.89,2.95,2.9,2.84,2.88,2.9,2.96,2.96,3.03,2.98,3.05,3.03,3.08,3.09
Italy,1.25,1.21,1.19,1.2,1.21,1.21,1.23,1.26,1.25,1.27,1.29,1.34,1.34,1.37,1.4,1.45,1.45,1.46,1.44,1.43,1.39,1.37,1.37
Jamaica,2.826,2.797,2.768,2.738,2.704,2.666,2.623,2.577,2.529,2.482,2.439,2.398,2.361,2.325,2.289,2.251,2.213,2.174,2.136,2.102,2.072,2.046,2.025
Jordan,4.997,4.832,4.677,4.531,4.396,4.272,4.158,4.056,3.964,3.882,3.809,3.745,3.69,3.646,3.613,3.588,3.57,3.553,3.533,3.505,3.468,3.422,3.366
Japan,1.458,1.5,1.422,1.425,1.388,1.384,1.342,1.359,1.33,1.32,1.29,1.29,1.26,1.32,1.34,1.37,1.37,1.39,1.39,1.41,1.43,1.42,1.46
Kazakhstan,2.3,2.28,2.26,2.13,2,1.8,1.7,1.8,1.9,2,2.03,2.21,2.22,2.36,2.5,2.7,2.55,2.6,2.59,2.62,2.64,2.74,2.73
Kenya,5.506,5.366,5.251,5.165,5.102,5.059,5.03,5.012,5,4.989,4.975,4.953,4.921,4.878,4.825,4.766,4.7,4.629,4.556,4.481,4.406,4.334,4.263
Kyrgyz Republic,3.2,2.9,3.1,2.8,2.6,2.7,2.6,2.4,2.4,2.4,2.5,2.6,2.5,2.7,2.7,2.8,2.9,3.1,3.1,3.2,3.1,3.2,3.2
Cambodia,5.052,4.867,4.685,4.504,4.325,4.146,3.971,3.805,3.654,3.521,3.406,3.309,3.227,3.155,3.086,3.018,2.947,2.875,2.804,2.739,2.683,2.635,2.595
Kiribati,4.512,4.445,4.374,4.304,4.235,4.17,4.11,4.058,4.015,3.979,3.95,3.927,3.909,3.895,3.883,3.872,3.859,3.843,3.822,3.796,3.765,3.73,3.69
St. Kitts and Nevis,,,,,2.4,,,,,2.107,,,,,,,,,,,,,
"Korea, Rep.",1.654,1.656,1.634,1.574,1.52,1.448,1.41,1.467,1.297,1.166,1.18,1.154,1.076,1.123,1.25,1.192,1.149,1.226,1.244,1.297,1.187,1.205,1.239
Kuwait,2.486,2.564,2.668,2.771,2.851,2.893,2.89,2.847,2.778,2.707,2.648,2.605,2.577,2.554,2.525,2.481,2.423,2.353,2.279,2.209,2.15,2.105,2.072
Latin America & Caribbean (excluding high income),3.028042611,2.965467094,2.908329961,2.85543115,2.806208133,2.758873805,2.711934656,2.664649193,2.615174643,2.564354054,2.512339513,2.459946134,2.408451019,2.360468094,2.316141327,2.278103146,2.245375154,2.217357837,2.193564538,2.172031765,2.151146439,2.130392962,2.109396249
Lao PDR,5.772,5.589,5.384,5.163,4.936,4.712,4.498,4.304,4.132,3.984,3.857,3.75,3.66,3.582,3.511,3.44,3.368,3.293,3.215,3.138,3.063,2.991,2.923
Lebanon,2.765,2.691,2.617,2.543,2.468,2.39,2.31,2.225,2.134,2.037,1.938,1.839,1.75,1.678,1.627,1.601,1.598,1.613,1.641,1.671,1.697,1.714,1.722
Liberia,6.267,6.208,6.156,6.109,6.061,6.008,5.948,5.88,5.804,5.722,5.635,5.547,5.456,5.366,5.277,5.19,5.105,5.024,4.945,4.868,4.793,4.719,4.647
Libya,4.113,3.871,3.656,3.47,3.307,3.164,3.038,2.931,2.845,2.779,2.731,2.697,2.675,2.661,2.65,2.638,2.624,2.603,2.576,2.543,2.507,2.467,2.426
St. Lucia,3.09,2.983,2.873,2.76,2.644,2.528,2.416,2.313,2.224,2.152,2.098,2.062,2.04,2.029,2.022,2.013,2,1.982,1.96,1.936,1.913,1.89,1.869
Latin America & Caribbean,2.993104132,2.931853943,2.875714707,2.82279691,2.77428627,2.727998685,2.682705882,2.637135799,2.588212235,2.538264572,2.48740105,2.436825485,2.386947803,2.340062813,2.29674892,2.259922379,2.228104407,2.200661181,2.177306955,2.156017619,2.135249142,2.114880189,2.094508345
Least developed countries: UN classification,5.741060551,5.668752858,5.597644732,5.524433112,5.451098844,5.377001006,5.302683638,5.228507839,5.153433212,5.078538799,5.003291473,4.927686384,4.851307229,4.773084368,4.695350219,4.618539354,4.543539239,4.470444273,4.398653431,4.329760435,4.264258923,4.201615087,4.142006936
Low income,6.25271936,6.216495883,6.177886359,6.134493901,6.086613537,6.034309714,5.978362271,5.919099597,5.856530896,5.791491363,5.724086993,5.654561669,5.582433205,5.506201439,5.427857619,5.347901818,5.266280825,5.183530905,5.099093229,5.014766455,4.931422657,4.85000164,4.770783196
Liechtenstein,,,,,,,,1.57,1.52,1.47,1.36,1.44,1.49,1.43,1.42,1.43,1.71,1.4,1.69,1.51,1.45,1.59,1.59
Sri Lanka,2.353,2.32,2.291,2.268,2.252,2.242,2.239,2.241,2.247,2.257,2.268,2.278,2.284,2.283,2.274,2.257,2.233,2.203,2.17,2.138,2.108,2.083,2.062
Lower middle income,3.997238055,3.906596677,3.825318558,3.743295479,3.666204887,3.59350693,3.525682295,3.462918452,3.403638439,3.350735586,3.298387713,3.250974361,3.201377594,3.157526232,3.115694704,3.076055025,3.035338704,2.994983176,2.957522635,2.923548754,2.891967973,2.862027699,2.832377966
Low & middle income,3.298272065,3.207137031,3.123676681,3.050290695,2.985180655,2.936193982,2.890822313,2.854077089,2.823507207,2.79908391,2.775108315,2.753924018,2.728186319,2.707618856,2.690461114,2.674913182,2.656948227,2.639838153,2.623780265,2.612851848,2.600286764,2.59007193,2.577820583
Lesotho,4.686,4.617,4.548,4.475,4.394,4.302,4.2,4.089,3.972,3.856,3.744,3.64,3.548,3.473,3.412,3.366,3.33,3.303,3.278,3.253,3.222,3.185,3.142
Late-demographic dividend,2.083097166,1.971235877,1.867997537,1.785016322,1.721112685,1.678392143,1.644053892,1.63089747,1.625241011,1.627677043,1.631367214,1.63665337,1.631997598,1.63315603,1.640117333,1.648924919,1.650715075,1.653322321,1.653669865,1.662859713,1.663960984,1.671327803,1.673133029
Lithuania,1.74,1.57,1.55,1.49,1.47,1.46,1.46,1.39,1.29,1.23,1.26,1.27,1.29,1.33,1.36,1.45,1.5,1.5,1.55,1.6,1.59,1.63,1.63
Luxembourg,1.7,1.72,1.7,1.77,1.71,1.68,1.74,1.76,1.66,1.63,1.62,1.66,1.63,1.65,1.61,1.61,1.59,1.63,1.52,1.57,1.55,1.5,1.5
Latvia,1.51,1.39,1.25,1.16,1.11,1.09,1.16,1.25,1.22,1.26,1.32,1.29,1.39,1.46,1.54,1.58,1.46,1.36,1.33,1.44,1.52,1.64,1.64
"Macao SAR, China",1.394,1.312,1.242,1.179,1.119,1.057,0.996,0.939,0.889,0.852,0.831,0.827,0.84,0.869,0.909,0.957,1.009,1.061,1.112,1.16,1.204,1.243,1.276
St. Martin (French part),1.84,1.84,1.84,1.84,1.84,1.83,1.83,1.83,1.83,1.83,1.83,1.83,1.83,1.82,1.82,1.82,1.82,1.82,1.82,1.82,1.81,1.81,1.81
Morocco,3.606,3.457,3.309,3.166,3.029,2.902,2.789,2.691,2.611,2.55,2.506,2.479,2.466,2.468,2.48,2.498,2.518,2.535,2.544,2.545,2.535,2.515,2.486
Monaco,,,,,,,,,,,,,,,,,,,,,,,
Moldova,2.093,1.994,1.901,1.811,1.719,1.623,1.527,1.435,1.354,1.291,1.247,1.224,1.219,1.227,1.242,1.256,1.268,1.274,1.273,1.269,1.263,1.256,1.248
Madagascar,6.126,6.066,5.999,5.924,5.841,5.749,5.651,5.548,5.443,5.337,5.233,5.133,5.039,4.952,4.87,4.794,4.722,4.654,4.59,4.528,4.468,4.409,4.35
Maldives,4.987,4.637,4.298,3.975,3.674,3.399,3.155,2.945,2.77,2.627,2.51,2.418,2.347,2.295,2.261,2.238,2.222,2.209,2.194,2.175,2.152,2.123,2.088
Middle East & North Africa,4.308120441,4.110150743,3.914250348,3.740484128,3.580698699,3.435135974,3.304425768,3.191860039,3.09652549,3.018098135,2.957149168,2.907988287,2.872948387,2.855639683,2.85012756,2.855488038,2.864970388,2.876054483,2.880877148,2.879877898,2.867861735,2.84685311,2.815529491
Mexico,3.206,3.126,3.051,2.982,2.917,2.857,2.8,2.747,2.697,2.649,2.604,2.561,2.521,2.483,2.447,2.415,2.385,2.356,2.328,2.3,2.272,2.243,2.213
Marshall Islands,,,,,,,5.71,,,,,,4.5,4.5,4.5,,,,4.05,,,,
Middle income,3.071360581,2.974468003,2.88624537,2.809386652,2.741910009,2.690688026,2.64390626,2.606934285,2.576489266,2.552469019,2.528938271,2.508437475,2.48307831,2.463711753,2.448123279,2.434290467,2.417669726,2.401711263,2.386942644,2.37758394,2.366174787,2.357239597,2.345987236
"Macedonia, FYR",2.085,2.033,1.977,1.919,1.864,1.812,1.765,1.723,1.683,1.643,1.604,1.565,1.53,1.5,1.479,1.467,1.465,1.471,1.482,1.497,1.511,1.524,1.535
Mali,7.124,7.094,7.058,7.02,6.983,6.95,6.921,6.897,6.878,6.861,6.842,6.821,6.794,6.76,6.719,6.67,6.612,6.547,6.474,6.396,6.314,6.229,6.143
Malta,2,1.88,1.81,2.03,1.98,1.88,1.77,1.7,1.48,1.45,1.48,1.4,1.38,1.36,1.35,1.43,1.42,1.36,1.45,1.43,1.38,1.42,1.42
Myanmar,3.159,3.091,3.036,2.994,2.964,2.94,2.921,2.903,2.88,2.851,2.814,2.769,2.714,2.652,2.585,2.517,2.449,2.386,2.33,2.28,2.239,2.204,2.177
Middle East & North Africa (excluding high income),4.272868992,4.067697129,3.875667223,3.69731131,3.535087638,3.389171873,3.260952122,3.152087546,3.061628858,2.988070811,2.930269514,2.886421701,2.857027717,2.844399718,2.844796004,2.856414754,2.873913137,2.891923479,2.904744267,2.908674732,2.901708957,2.882783858,2.852772197
Montenegro,2.025,2.002,1.977,1.951,1.927,1.906,1.888,1.875,1.865,1.858,1.852,1.847,1.84,1.832,1.82,1.805,1.787,1.767,1.745,1.725,1.706,1.689,1.676
Mongolia,3.18,2.941,2.738,2.57,2.43,2.312,2.216,2.143,2.098,2.081,2.091,2.124,2.176,2.245,2.324,2.407,2.487,2.555,2.607,2.641,2.657,2.655,2.638
Northern Mariana Islands,,,,,,,,,,,,,,,,,,,,,,,
Mozambique,6.084,6.027,5.973,5.925,5.884,5.853,5.831,5.816,5.805,5.794,5.78,5.761,5.736,5.707,5.674,5.64,5.603,5.564,5.521,5.472,5.418,5.359,5.295
Mauritania,5.825,5.768,5.708,5.647,5.585,5.524,5.463,5.403,5.344,5.286,5.228,5.171,5.114,5.058,5.002,4.947,4.891,4.835,4.778,4.721,4.662,4.603,4.543
Mauritius,2.21,2.25,2.14,2.12,2.04,1.97,2.05,1.99,1.91,1.94,1.87,1.92,1.88,1.77,1.74,1.67,1.59,1.57,1.55,1.54,1.44,1.43,1.36
Malawi,6.681,6.598,6.528,6.468,6.414,6.36,6.306,6.25,6.194,6.138,6.083,6.028,5.969,5.901,5.823,5.734,5.636,5.531,5.423,5.318,5.22,5.129,5.048
Malaysia,3.422,3.385,3.339,3.275,3.19,3.085,2.961,2.825,2.683,2.545,2.418,2.307,2.217,2.146,2.093,2.051,2.021,1.998,1.982,1.968,1.956,1.944,1.931
North America,1.986801865,1.967631662,1.943570205,1.93706656,1.92841468,1.951728307,1.957531852,1.999299596,1.977857742,1.970377642,1.995618825,1.999210391,2.005188365,2.055674321,2.073689883,2.032632962,1.968299703,1.900250515,1.865741621,1.853530416,1.830030678,1.835785362,1.818270118
Namibia,4.842,4.715,4.589,4.466,4.345,4.229,4.119,4.018,3.926,3.844,3.773,3.714,3.667,3.635,3.616,3.608,3.606,3.605,3.6,3.586,3.56,3.522,3.473
New Caledonia,2.86,2.7,2.59,2.65,2.67,2.55,2.48,2.59,2.43,2.33,2.27,2.18,2.2,2.29,2.2,2.2,2.2,2.17,2.15,2.28,2.26,2.24,2.22
Niger,7.742,7.746,7.749,7.749,7.748,7.746,7.742,7.738,7.732,7.725,7.718,7.71,7.702,7.695,7.688,7.682,7.675,7.667,7.656,7.642,7.623,7.599,7.567
Nigeria,6.348,6.303,6.262,6.224,6.19,6.159,6.131,6.106,6.083,6.06,6.036,6.011,5.985,5.958,5.93,5.902,5.873,5.84,5.802,5.758,5.707,5.65,5.587
Nicaragua,4.105,3.942,3.78,3.623,3.473,3.331,3.201,3.083,2.978,2.887,2.807,2.738,2.677,2.622,2.571,2.522,2.475,2.428,2.383,2.34,2.3,2.264,2.231
Netherlands,1.57,1.57,1.53,1.53,1.56,1.63,1.65,1.72,1.71,1.73,1.75,1.72,1.71,1.72,1.72,1.77,1.79,1.79,1.76,1.72,1.68,1.71,1.71
Norway,1.86,1.87,1.87,1.89,1.86,1.81,1.85,1.85,1.78,1.75,1.8,1.83,1.84,1.9,1.9,1.96,1.98,1.95,1.88,1.85,1.78,1.75,1.75
Nepal,4.926,4.828,4.72,4.6,4.47,4.33,4.182,4.03,3.877,3.724,3.575,3.43,3.289,3.151,3.012,2.873,2.737,2.606,2.486,2.381,2.292,2.222,2.167
Nauru,,,,,,,,,,,,,,,,,,,,,,,
New Zealand,2.05,2,1.99,1.96,1.96,1.89,1.97,1.98,1.97,1.89,1.93,1.98,1.97,2.01,2.18,2.19,2.13,2.17,2.09,2.1,2.01,1.92,1.99
OECD members,1.885257892,1.86276112,1.825348197,1.816373626,1.803014252,1.796996664,1.788108853,1.808784482,1.779228695,1.763923257,1.770375015,1.775668371,1.769945371,1.801858216,1.821497639,1.82555217,1.798157965,1.788428547,1.76727801,1.765776509,1.740229677,1.745920415,1.745746038
Oman,6.098,5.72,5.346,4.981,4.631,4.298,3.992,3.719,3.488,3.298,3.148,3.035,2.957,2.912,2.892,2.886,2.888,2.888,2.879,2.857,2.823,2.774,2.712
Other small states,4.226139637,4.163994814,4.095717856,4.036262213,3.949880569,3.871646379,3.803950495,3.735078874,3.659471461,3.607920257,3.5556267,3.518285544,3.478349132,3.437191711,3.408126618,3.377827132,3.347674686,3.320871684,3.29070414,3.261964507,3.224691629,3.193717695,3.155990015
Pakistan,5.622,5.482,5.342,5.198,5.048,4.892,4.733,4.58,4.438,4.314,4.211,4.129,4.067,4.02,3.98,3.942,3.901,3.855,3.802,3.744,3.682,3.617,3.55
Panama,2.914,2.883,2.858,2.834,2.808,2.778,2.743,2.705,2.667,2.632,2.603,2.579,2.562,2.55,2.541,2.533,2.524,2.513,2.5,2.484,2.465,2.444,2.421
Peru,3.514,3.413,3.317,3.226,3.142,3.064,2.993,2.929,2.871,2.818,2.77,2.725,2.684,2.648,2.616,2.59,2.566,2.545,2.525,2.504,2.48,2.455,2.427
Philippines,4.113,4.056,4.006,3.962,3.923,3.888,3.852,3.814,3.767,3.71,3.644,3.569,3.487,3.404,3.324,3.251,3.187,3.133,3.088,3.048,3.011,2.977,2.944
Palau,,,2.35,,,,,,,,,,2.02,,,,,,,2.23,,,2.21
Papua New Guinea,4.7,4.683,4.668,4.653,4.632,4.604,4.569,4.525,4.475,4.422,4.368,4.315,4.263,4.21,4.157,4.101,4.044,3.985,3.927,3.869,3.812,3.757,3.705
Poland,1.87,1.81,1.62,1.59,1.51,1.44,1.38,1.37,1.31,1.25,1.22,1.23,1.24,1.27,1.31,1.39,1.4,1.41,1.33,1.33,1.29,1.32,1.32
Pre-demographic dividend,6.459834608,6.410444778,6.362499375,6.315228717,6.268781633,6.222921206,6.177666681,6.13337205,6.089943165,6.046510906,6.002137742,5.956038905,5.907437298,5.855035259,5.799330069,5.740710231,5.678830506,5.613355453,5.544034024,5.471934412,5.397714456,5.322258668,5.245980621
Puerto Rico,2.154,2.124,2.088,1.94,1.9,1.9,1.97425,2.0485,1.9346,1.8317,1.7624,1.7822,1.7702,1.7123,1.6505,1.6516,1.6528,1.6235,1.5965,1.5425,1.47,1.432,1.432
"Korea, Dem. People’s Rep.",2.202,2.163,2.121,2.079,2.042,2.015,1.999,1.991,1.992,1.996,2,2.004,2.005,2.006,2.005,2.005,2.004,2.003,2,1.995,1.988,1.979,1.968
Portugal,1.52,1.45,1.41,1.44,1.47,1.47,1.5,1.55,1.45,1.46,1.44,1.4,1.41,1.37,1.35,1.39,1.34,1.39,1.35,1.28,1.21,1.23,1.23
Paraguay,4.282,4.196,4.108,4.014,3.911,3.798,3.678,3.553,3.431,3.315,3.21,3.119,3.04,2.97,2.907,2.846,2.787,2.73,2.675,2.625,2.581,2.542,2.509
West Bank and Gaza,6.515,6.396,6.251,6.085,5.907,5.729,5.554,5.39,5.24,5.105,4.983,4.875,4.782,4.7,4.627,4.56,4.496,4.433,4.369,4.305,4.241,4.176,4.11
Pacific island small states,4.215879839,4.16328109,4.108441881,4.055994954,4.002500829,3.949636728,3.898814365,3.850322989,3.80146786,3.755819542,3.712513813,3.670415354,3.62911325,3.590857089,3.551366115,3.511081652,3.470277345,3.429323241,3.390361458,3.352227515,3.314897646,3.278338339,3.242304388
Post-demographic dividend,1.664944256,1.643150472,1.610397872,1.603635394,1.592332597,1.58960878,1.584546218,1.615487908,1.588000217,1.581020448,1.597634984,1.612955212,1.613124434,1.659756491,1.688310689,1.700256221,1.672536081,1.661752562,1.644682094,1.651688201,1.623345515,1.633491427,1.637356287
French Polynesia,3.059,2.946,2.841,2.745,2.66,2.585,2.52,2.463,2.414,2.37,2.329,2.289,2.251,2.216,2.184,2.156,2.131,2.11,2.092,2.075,2.059,2.043,2.027
Qatar,3.715,3.648,3.59,3.534,3.476,3.41,3.333,3.24,3.126,2.996,2.855,2.707,2.562,2.428,2.312,2.219,2.15,2.104,2.077,2.059,2.043,2.026,2.007
Romania,1.43,1.4,1.33,1.3,1.32,1.32,1.3,1.31,1.27,1.27,1.3,1.33,1.4,1.42,1.45,1.6,1.66,1.59,1.47,1.52,1.41,1.52,1.52
Russian Federation,1.385,1.4,1.337,1.27,1.218,1.232,1.157,1.195,1.223,1.286,1.32,1.344,1.294,1.305,1.416,1.502,1.542,1.567,1.582,1.691,1.707,1.75,1.75
Rwanda,6.518,6.319,6.159,6.032,5.926,5.829,5.734,5.64,5.545,5.449,5.353,5.254,5.146,5.027,4.895,4.751,4.598,4.441,4.287,4.143,4.012,3.898,3.8
South Asia,4.016124288,3.932828326,3.852361031,3.773529157,3.695593466,3.617811291,3.539946706,3.462181152,3.385608275,3.31032362,3.237149738,3.165865865,3.095530892,3.026278813,2.957763524,2.888907505,2.822908152,2.759512411,2.700985303,2.647533753,2.600646345,2.559251502,2.52266514
Saudi Arabia,5.433,5.247,5.045,4.83,4.608,4.388,4.175,3.976,3.797,3.639,3.504,3.392,3.3,3.224,3.16,3.101,3.044,2.987,2.93,2.873,2.818,2.765,2.713
Sudan,5.962,5.893,5.821,5.747,5.672,5.596,5.52,5.444,5.366,5.287,5.206,5.123,5.039,4.956,4.873,4.792,4.713,4.636,4.562,4.491,4.421,4.353,4.286
Senegal,6.287,6.169,6.053,5.94,5.833,5.731,5.638,5.552,5.474,5.403,5.338,5.28,5.232,5.198,5.177,5.169,5.171,5.174,5.173,5.161,5.134,5.09,5.031
Singapore,1.74,1.71,1.67,1.66,1.61,1.48,1.47,1.6,1.41,1.37,1.27,1.26,1.26,1.28,1.29,1.28,1.22,1.15,1.2,1.29,1.19,1.25,1.24
Solomon Islands,5.461,5.326,5.197,5.077,4.968,4.872,4.789,4.72,4.665,4.618,4.578,4.54,4.502,4.459,4.412,4.359,4.3,4.236,4.168,4.098,4.031,3.966,3.904
Sierra Leone,6.614,6.582,6.543,6.499,6.448,6.391,6.327,6.257,6.18,6.097,6.007,5.91,5.805,5.69,5.565,5.432,5.293,5.151,5.01,4.874,4.746,4.626,4.516
El Salvador,3.641,3.547,3.449,3.347,3.239,3.128,3.013,2.898,2.785,2.677,2.575,2.482,2.398,2.322,2.253,2.189,2.13,2.078,2.031,1.991,1.958,1.931,1.909
San Marino,,,,,,,,,,,,,,,,,,,,1.26,,,
Somalia,7.567,7.616,7.655,7.679,7.687,7.678,7.651,7.61,7.556,7.495,7.429,7.361,7.291,7.218,7.14,7.054,6.963,6.868,6.768,6.666,6.565,6.463,6.364
Serbia,,,1.7,,1.6,,,1.48,1.58,1.57,1.59,1.57,1.45,1.43,1.38,1.4,1.44,1.4,1.4,1.45,1.43,1.46,1.46
Sub-Saharan Africa (excluding high income),6.161580435,6.100288953,6.042664687,5.988747412,5.937723297,5.888809024,5.841456777,5.794376249,5.747740358,5.699696008,5.649216096,5.596696854,5.541545231,5.483778623,5.424701057,5.36506334,5.304559131,5.242847171,5.178805847,5.112985481,5.045184709,4.976171328,4.905838885
South Sudan,6.644,6.601,6.554,6.503,6.444,6.377,6.303,6.223,6.139,6.054,5.969,5.885,5.803,5.721,5.638,5.552,5.465,5.376,5.286,5.197,5.108,5.022,4.937
Sub-Saharan Africa,6.161580435,6.100288953,6.042664687,5.988747412,5.937164613,5.888245092,5.840897494,5.793835772,5.747195698,5.699158572,5.648711418,5.596199833,5.541093694,5.483329863,5.424293137,5.364677428,5.304206114,5.242469499,5.178493806,5.112690192,5.04490337,4.975894263,4.905574675
Small states,3.864628062,3.808371391,3.748049106,3.694134668,3.622790669,3.556487433,3.498334983,3.439847731,3.376066812,3.330472971,3.285665787,3.252655933,3.219047461,3.185492862,3.16091845,3.135456545,3.10979467,3.086363129,3.060183462,3.035221442,3.004177735,2.978073474,2.947358713
Sao Tome and Principe,5.655,5.6,5.545,5.491,5.437,5.384,5.33,5.278,5.226,5.174,5.123,5.072,5.022,4.974,4.927,4.881,4.835,4.789,4.74,4.689,4.634,4.576,4.516
Suriname,3.131,3.083,3.035,2.987,2.941,2.896,2.853,2.81,2.769,2.73,2.692,2.655,2.619,2.586,2.553,2.523,2.493,2.465,2.438,2.411,2.386,2.36,2.336
Slovak Republic,1.87,1.67,1.52,1.47,1.43,1.37,1.33,1.3,1.2,1.19,1.2,1.25,1.27,1.25,1.27,1.34,1.44,1.43,1.45,1.34,1.34,1.37,1.37
Slovenia,1.33,1.32,1.29,1.28,1.25,1.23,1.21,1.26,1.21,1.21,1.2,1.25,1.26,1.31,1.38,1.53,1.53,1.57,1.56,1.58,1.55,1.58,1.58
Sweden,1.99,1.88,1.73,1.6,1.52,1.5,1.5,1.54,1.57,1.65,1.71,1.75,1.77,1.85,1.88,1.91,1.94,1.98,1.9,1.91,1.89,1.88,1.88
Swaziland,5.211,5.035,4.866,4.709,4.564,4.432,4.313,4.209,4.121,4.046,3.982,3.925,3.871,3.818,3.761,3.699,3.632,3.559,3.483,3.407,3.334,3.266,3.201
Sint Maarten (Dutch part),,,,,,,,,1.95,,,,,,1.5,1.7,1.7,,2.03,,,,
Seychelles,,,,,2.1,2.04,2.04,2.08,1.98,2.04,2.1,2,2.2,2.1,2.24,2.3,2.4,2.1,2.4,2.4,2.4,2.3,2.3
Syrian Arab Republic,4.76,4.618,4.495,4.386,4.282,4.178,4.07,3.958,3.841,3.723,3.609,3.499,3.399,3.312,3.238,3.178,3.131,3.093,3.06,3.027,2.991,2.95,2.903
Turks and Caicos Islands,,,,,,,,,,,,,,,,,,,,,,,
Chad,7.399,7.416,7.425,7.426,7.419,7.405,7.384,7.354,7.315,7.268,7.212,7.147,7.074,6.992,6.901,6.804,6.701,6.594,6.485,6.374,6.264,6.156,6.05
East Asia & Pacific (IDA & IBRD countries),2.261847983,2.135191273,2.027801603,1.940963851,1.875912522,1.830312053,1.801600586,1.78722964,1.784496443,1.786980579,1.792432231,1.79783652,1.800299602,1.802375712,1.802669014,1.80339452,1.804183068,1.805497336,1.807208188,1.80881809,1.810799973,1.813057432,1.814724957
Europe & Central Asia (IDA & IBRD countries),1.96522696,1.916237276,1.847090828,1.778093,1.712442148,1.674754491,1.617385988,1.612606952,1.599135987,1.620339591,1.626326238,1.656272496,1.6326537,1.661054578,1.725668634,1.796765867,1.806355792,1.803163044,1.791800973,1.839920038,1.845167488,1.879147648,1.88152649
Togo,5.965,5.855,5.755,5.666,5.588,5.52,5.461,5.41,5.364,5.32,5.276,5.229,5.179,5.123,5.064,5.002,4.936,4.868,4.798,4.727,4.655,4.584,4.514
Thailand,1.956,1.911,1.867,1.823,1.781,1.742,1.705,1.671,1.641,1.616,1.595,1.58,1.568,1.561,1.557,1.553,1.551,1.547,1.542,1.534,1.524,1.512,1.497
Tajikistan,4.83,4.709,4.588,4.465,4.34,4.214,4.089,3.969,3.857,3.756,3.669,3.597,3.543,3.51,3.495,3.493,3.502,3.514,3.523,3.525,3.514,3.49,3.454
Turkmenistan,3.898,3.707,3.512,3.325,3.159,3.021,2.914,2.837,2.783,2.741,2.701,2.66,2.615,2.569,2.523,2.482,2.445,2.411,2.381,2.353,2.326,2.301,2.275
Latin America & the Caribbean (IDA & IBRD countries),3.035293238,2.971707605,2.913348141,2.859259096,2.80883382,2.760422013,2.712577255,2.66459688,2.614682934,2.563586703,2.511424659,2.458924453,2.407381332,2.359347747,2.314927106,2.276721476,2.243753975,2.215452876,2.19140482,2.169608565,2.14853476,2.127680957,2.106663724
Timor-Leste,5.874,6.125,6.384,6.627,6.832,6.986,7.079,7.112,7.092,7.037,6.965,6.881,6.79,6.694,6.59,6.477,6.358,6.235,6.109,5.983,5.858,5.735,5.615
Middle East & North Africa (IDA & IBRD countries),4.25326129,4.047101411,3.854413961,3.675754136,3.513433165,3.367942613,3.240232576,3.131891119,3.041937747,2.968884792,2.911583638,2.868196208,2.839222596,2.827003173,2.827834243,2.839879912,2.857842998,2.876332412,2.88959272,2.893881822,2.887181635,2.868433862,2.838520345
Tonga,4.547,4.501,4.447,4.391,4.34,4.3,4.27,4.25,4.236,4.221,4.202,4.177,4.144,4.104,4.059,4.012,3.963,3.913,3.864,3.815,3.768,3.722,3.678
South Asia (IDA & IBRD),4.016124288,3.932828326,3.852361031,3.773529157,3.695593466,3.617811291,3.539946706,3.462181152,3.385608275,3.31032362,3.237149738,3.165865865,3.095530892,3.026278813,2.957763524,2.888907505,2.822908152,2.759512411,2.700985303,2.647533753,2.600646345,2.559251502,2.52266514
Sub-Saharan Africa (IDA & IBRD countries),6.161580435,6.100288953,6.042664687,5.988747412,5.937164613,5.888245092,5.840897494,5.793835772,5.747195698,5.699158572,5.648711418,5.596199833,5.541093694,5.483329863,5.424293137,5.364677428,5.304206114,5.242469499,5.178493806,5.112690192,5.04490337,4.975894263,4.905574675
Trinidad and Tobago,2.131,2.04,1.961,1.896,1.843,1.801,1.772,1.753,1.744,1.744,1.749,1.758,1.769,1.78,1.79,1.799,1.804,1.806,1.804,1.798,1.789,1.778,1.766
Tunisia,2.907,2.747,2.606,2.485,2.379,2.287,2.208,2.142,2.089,2.049,2.021,2.004,1.998,2.003,2.018,2.042,2.07,2.098,2.122,2.138,2.146,2.144,2.132
Turkey,2.84,2.781,2.728,2.679,2.63,2.581,2.531,2.479,2.426,2.376,2.329,2.287,2.25,2.219,2.193,2.17,2.151,2.134,2.118,2.103,2.087,2.07,2.052
Tuvalu,,,,,,,,,,,,,,,,,,,,,,,
Tanzania,6.013,5.946,5.883,5.828,5.78,5.741,5.711,5.689,5.675,5.666,5.659,5.651,5.638,5.616,5.585,5.542,5.489,5.427,5.359,5.287,5.215,5.145,5.078
Uganda,7.057,7.039,7.018,6.994,6.967,6.937,6.903,6.865,6.822,6.772,6.716,6.653,6.583,6.507,6.424,6.337,6.247,6.154,6.059,5.964,5.869,5.775,5.682
Ukraine,1.563,1.47,1.397,1.332,1.27,1.207,1.121,1.11,1.085,1.126,1.172,1.218,1.213,1.31,1.345,1.458,1.473,1.443,1.459,1.531,1.506,1.498,1.506
Upper middle income,2.260713533,2.151185118,2.051023215,1.970194818,1.906020278,1.862422284,1.826075724,1.80727713,1.796334577,1.792652359,1.790155131,1.789140591,1.780728778,1.777726139,1.780707364,1.785242534,1.785116301,1.785414295,1.785620757,1.793045978,1.793540469,1.797601418,1.796789489
Uruguay,2.465,2.435,2.4,2.363,2.327,2.294,2.266,2.242,2.222,2.205,2.189,2.174,2.158,2.142,2.126,2.11,2.094,2.078,2.063,2.048,2.033,2.02,2.007
United States,2.0195,2.0015,1.978,1.976,1.971,1.999,2.0075,2.056,2.0305,2.0205,2.0475,2.0515,2.057,2.108,2.12,2.072,2.002,1.931,1.8945,1.8805,1.8575,1.8625,1.843
Uzbekistan,3.8,3.537,3.596,3.32,3.082,2.815,2.72,2.58,2.46,2.52,2.36,2.46,2.36,2.39,2.554,2.637,2.53,2.342,2.236,2.193,2.35,2.457,2.491
St. Vincent and the Grenadines,2.811,2.76,2.703,2.641,2.576,2.509,2.442,2.379,2.321,2.271,2.229,2.196,2.17,2.149,2.131,2.112,2.092,2.07,2.046,2.021,1.997,1.974,1.952
"Venezuela, RB",3.218,3.147,3.082,3.022,2.967,2.915,2.867,2.822,2.779,2.739,2.701,2.664,2.629,2.595,2.562,2.531,2.501,2.472,2.444,2.417,2.391,2.365,2.34
British Virgin Islands,,,,,,,,,,,,,,,,,,,,,,,
Virgin Islands (U.S.),2.712,2.599,2.481,2.367,2.265,2.184,2.128,2.06,1.9,2.19,2.05,2.15,2.23,2.02,1.97,1.91,1.86,1.81,1.8,1.78,1.77,1.75,1.74
Vietnam,3.089,2.904,2.714,2.529,2.359,2.213,2.096,2.01,1.954,1.92,1.901,1.894,1.894,1.901,1.911,1.923,1.935,1.946,1.953,1.957,1.96,1.961,1.96
Vanuatu,4.814,4.775,4.73,4.677,4.614,4.542,4.459,4.368,4.268,4.162,4.056,3.95,3.851,3.76,3.679,3.608,3.549,3.499,3.456,3.419,3.383,3.347,3.31
World,3.014794942,2.940131164,2.868752118,2.810632037,2.75860317,2.720104142,2.684466705,2.661851974,2.633614027,2.61337935,2.597401881,2.583494385,2.56361594,2.554250507,2.545378537,2.534968702,2.516938358,2.502574774,2.48741481,2.479700042,2.466110035,2.460116324,2.451201262
Samoa,4.882,4.815,4.751,4.692,4.637,4.587,4.541,4.503,4.476,4.46,4.454,4.456,4.46,4.46,4.45,4.426,4.389,4.338,4.277,4.212,4.147,4.086,4.028
Kosovo,2.84,2.71,2.7,2.7,2.46,2.57,2.88,2.95,2.8,2.66,2.34,2.53,2.65,2.43,2.43,2.38,2.34,2.29,2.24,2.19,2.16,2.13,2.09
"Yemen, Rep.",8.045,7.792,7.521,7.248,6.986,6.744,6.527,6.335,6.164,6.002,5.842,5.68,5.515,5.347,5.18,5.016,4.856,4.703,4.556,4.416,4.284,4.16,4.043
South Africa,3.296,3.196,3.11,3.04,2.983,2.937,2.899,2.866,2.834,2.801,2.763,2.721,2.675,2.627,2.58,2.538,2.5,2.467,2.438,2.412,2.387,2.363,2.339
Zambia,6.325,6.276,6.233,6.196,6.165,6.139,6.116,6.097,6.08,6.064,6.048,6.028,6.001,5.963,5.911,5.847,5.772,5.687,5.599,5.511,5.429,5.353,5.284
Zimbabwe,4.69,4.553,4.431,4.326,4.237,4.165,4.108,4.065,4.036,4.018,4.008,4.005,4.006,4.012,4.022,4.034,4.044,4.048,4.039,4.016,3.977,3.923,3.856
