country,1990,1991,1992,1993,1994,1995,1996,1997,1998,1999,2000,2001,2002,2003,2004,2005,2006,2007,2008,2009,2010,2011,2012,2013,2014,2015,2016,2017
Aruba,,,,,,,,,,,,,,,,,,,,,,,,,,,,
Afghanistan,84.24099731,84.25,84.2440033,84.23300171,84.21700287,84.18900299,84.23500061,84.28600311,84.33100128,84.36699677,84.06199646,84.11100006,84.16000366,84.20999908,84.25800323,84.29499817,84.29100037,84.26200104,84.20400238,84.11799622,84.01200104,83.9280014,83.84100342,83.76000214,83.69400024,83.64600372,83.59200287,83.55400085
Angola,76.72699738,76.625,76.39800262,75.71199799,75.69200134,75.82900238,75.97499847,76.06400299,76.14099884,76.15899658,76.18000031,76.19999695,76.41500092,76.44200134,76.59300232,76.87200165,77.11399841,77.35900116,77.49099731,77.44200134,77.38899994,77.34600067,77.29799652,77.24700165,77.18099976,77.14199829,77.09899902,77.05599976
Albania,74.67099762,75.25299835,75.20999908,74.98100281,74.59700012,73.93800354,73.83399963,74.3219986,74.09200287,73.83599854,73.58100128,73.03900146,72.60700226,71.25099945,69.875,68.51499939,67.31700134,66.21299744,65.19100189,64.24299622,63.59600067,62.8429985,62.10800171,61.3769989,60.63299942,60.6609993,60.79399872,60.95000076
Andorra,,,,,,,,,,,,,,,,,,,,,,,,,,,,
Arab World,76.25382909,76.17415624,75.22657307,75.57626661,75.79729318,75.62848762,75.25968633,74.93057074,74.52929733,74.90019682,74.70292142,74.32768991,73.95363265,74.00615602,74.21262259,74.36422529,73.63152809,73.6935116,73.92488174,74.06392193,74.49403015,74.59524755,74.62330473,74.81448673,74.89794079,75.02711859,75.04088282,75.04029836
United Arab Emirates,91.24700165,91.01100159,91.1230011,91.47499847,91.90599823,92.31300354,91.48899841,91.02100372,90.96499634,91.24500275,91.66999817,90.57299805,90.08699799,90.12200165,90.55999756,91.23400116,89.98699951,89.56800079,89.68699646,90.17900085,91.26399994,91.40799713,91.41699982,91.38200378,91.41100311,91.56300354,91.08599854,90.75099945
Argentina,76.68499756,76.64099884,76.53399658,76.3710022,76.24900055,76.15599823,75.69799805,75.30500031,74.96299744,74.64099884,74.31500244,73.96499634,73.60500336,73.23699951,76.37999725,76.55500031,76.625,75.61100006,74.6210022,74.55400085,74.89199829,74.20500183,74.6269989,74.34200287,74.44499969,74.46800232,74.43699646,74.38999939
Armenia,71.10500336,70.83999634,69.12599945,68.5739975,68.59999847,68.49199677,68.18900299,67.76000214,67.38300323,66.9240036,66.52500153,66.37400055,66.69999695,66.98699951,67.28800201,67.65799713,68.04599762,68.47299957,69.07700348,68.6230011,72.26100159,72.5,72.22899628,72.45600128,72.98899841,73.5759964,73.94200134,74.20400238
American Samoa,,,,,,,,,,,,,,,,,,,,,,,,,,,,
Antigua and Barbuda,,,,,,,,,,,,,,,,,,,,,,,,,,,,
Australia,75.73400116,74.80599976,74.30200195,73.80899811,73.77700043,74.05899811,73.79199982,73.24900055,72.96399689,72.57299805,72.48300171,72.13600159,71.98699951,71.67900085,71.63700104,72.1740036,72.30599976,72.60399628,72.67299652,72.3239975,72.47399902,72.27899933,71.79299927,71.4280014,71.02999878,70.92099762,70.81300354,70.71099854
Austria,69.89199829,69.9240036,69.97399902,69.76499939,70.27100372,70.69599915,69.84600067,69.50099945,69.18299866,69.22100067,68.9509964,68.46299744,68.5059967,68.45500183,66.98799896,67.31099701,67.7460022,68.77300262,68.41899872,67.9489975,67.64800262,67.64600372,67.66200256,67.28099823,66.0739975,66.02500153,65.92199707,65.78199768
Azerbaijan,69.55200195,69.81999969,71.10199738,71.97299957,72.3259964,72.35399628,72.33799744,72.25700378,72.08599854,71.86699677,70.91600037,69.93699646,68.97599792,68.04499817,67.16200256,66.33699799,65.49099731,64.69999695,67.61599731,68.15299988,67.38800049,67.25099945,67.56199646,67.89199829,67.97100067,68.32099915,68.59200287,68.78500366
Burundi,90.45600128,89.96299744,89.38600159,88.72699738,87.99500275,87.19499969,86.44200134,85.61799622,84.72399902,84.36499786,83.89800262,83.45200348,82.97299957,82.49700165,82.09300232,81.78900146,81.58000183,81.45500183,81.41999817,81.47899628,81.6289978,81.8259964,82.0719986,82.33599854,82.57499695,82.66200256,82.69999695,82.70400238
Belgium,61.07099915,61.32500076,60.99399948,60.43099976,61.02799988,61.12099838,60.86899948,60.5530014,60.49100113,61.14300156,61.39899826,60.35499954,60.63600159,60.30099869,60.74499893,61.44400024,60.91400146,61.2120018,60.88000107,60.38299942,60.77399826,59.63199997,59.66799927,59.65000153,59.31700134,59.25600052,59.08300018,58.92100143
Benin,89.51899719,89.44599915,89.31900024,88.51399994,87.67299652,86.79299927,85.8239975,84.79699707,83.71199799,82.56999969,81.37400055,80.14199829,78.87599945,78.27400208,77.65599823,77.02999878,76.35600281,75.68099976,75.01300049,74.35900116,73.72399902,73.64099884,73.55999756,73.47399902,73.375,73.39800262,73.41699982,73.43499756
Burkina Faso,91.10900116,90.82299805,90.81900024,90.80999756,90.79000092,90.77999878,90.78800201,90.78600311,90.78800201,90.79599762,90.80400085,90.83100128,90.86299896,90.90200043,90.93199921,90.96199799,90.98200226,90.99099731,90.99299622,90.97899628,90.95899963,90.92299652,90.8809967,90.8219986,90.75,90.66200256,90.5739975,90.48400116
Bangladesh,88.69599915,88.46299744,88.27799988,88.05699921,87.80599976,87.52799988,87.18000031,86.93199921,86.65799713,86.35900116,86.03199768,85.63600159,85.25,84.8690033,84.49299622,84.12200165,83.76799774,83.41799927,83.06600189,82.70500183,82.33000183,81.99500275,81.66000366,81.30599976,80.90899658,80.98100281,81.05000305,81.11799622
Bulgaria,62.80500031,61.90499878,61.05400085,60.32600021,59.62099838,58.94499969,58.31100082,57.70600128,57.14799881,56.54600143,55.88100052,56.77799988,56.20299911,55.89699936,56.66199875,56.3429985,58.09799957,59.8429985,61.86100006,61.03300095,59.52999878,58.25500107,58.70899963,59.56999969,60.04600143,60.14500046,60.12400055,60.09899902
Bahrain,87.85199738,87.4469986,87.19000244,87.15699768,87.28800201,87.47000122,86.84500122,86.38300323,86.17900085,86.22000122,86.3789978,85.46800232,84.47299957,83.91500092,83.63700104,84.48100281,84.49900055,84.83699799,85.44100189,86.21499634,86.96099854,86.30899811,85.73899841,85.34999847,85.23799896,85.38700104,85.04599762,84.90100098
"Bahamas, The",79.43199921,80.30699921,81.13200378,81.8769989,82.47200012,81.1269989,79.30200195,76.8809967,73.8710022,74.53199768,75.15200043,75.80999756,76.43399811,76.96700287,77.40299988,77.79000092,78.23400116,78.64700317,78.99700165,79.28399658,79.2440033,79.17299652,79.13600159,79.15499878,79.14299774,79.13700104,79.11000061,79.09100342
Bosnia and Herzegovina,57.8730011,57.0719986,56.57500076,56.43799973,56.39099884,57.36199951,59.20999908,59.38000107,59.21900177,58.98699951,58.73199844,58.49100113,58.26699829,58.06499863,57.89599991,58.33200073,58.01200104,59.89699936,60.52999878,59.67699814,59.55899811,58.60800171,59.44900131,58.57300186,58.23899841,58.02299881,57.7840004,57.54700089
Belarus,75.32299805,74.35099792,73.39600372,72.43900299,71.4469986,70.40599823,69.26899719,68.09400177,66.90000153,65.72200012,65.73799896,65.75800323,65.86499786,66.04399872,66.28299713,66.58699799,66.77300262,67.04299927,67.36699677,67.71199799,67.66600037,67.60399628,67.73899841,67.92900085,68.06900024,68.22100067,68.06400299,67.80000305
Belize,82.97200012,82.33100128,81.46600342,81.09500122,81.29399872,81.71299744,82.07499695,81.88400269,81.75800323,81.70999908,81.73500061,81.72799683,81.75900269,81.80500031,81.83399963,81.83399963,82.11399841,82.31999969,82.46700287,82.56300354,82.6210022,82.89399719,83.1740036,83.38400269,83.52700043,83.63999939,83.70600128,83.78099823
Bermuda,,,,,,,,,,,,,,,,,,,,,,,,,,,,
Bolivia,82.77200317,82.59700012,82.40899658,82.21099854,82.01100159,81.81300354,81.875,81.85500336,81.70700073,81.51399994,81.26499939,81.29299927,81.32900238,81.36599731,81.39600372,81.41500092,81.68699646,81.87799835,82.00299835,82.0719986,82.27300262,82.375,82.42500305,82.48799896,82.51499939,82.54199982,82.58899689,82.63800049
Brazil,85.85199738,86.12999725,86.39399719,86.05200195,85.66100311,85.26100159,83.34400177,83.68000031,83.26999664,83.18399811,82.57700348,81.95800018,82.06900024,81.79100037,82.19799805,82.43000031,81.98300171,81.5019989,81.73400116,81.52700043,80.68099976,79.77899933,79.39600372,78.90599823,78.69100189,78.51999664,78.34200287,78.15899658
Barbados,77.64900208,75.38700104,76.29199982,76.68399811,76.94000244,77.51200104,75.12000275,76.03199768,76.01899719,76.14099884,76.06800079,76.16999817,75.48200226,75.09100342,75.65699768,75.43399811,75.10600281,74.74199677,74.33399963,73.88200378,73.05200195,73.07900238,72.33000183,71.39600372,71.07499695,70.71199799,70.37599945,70.01699829
Brunei Darussalam,82.50700378,81.99099731,81.52500153,81.12400055,80.83200073,80.64099884,80.35700226,80.1969986,80.125,80.08399963,80.01300049,79.14099884,78.6969986,78.38899994,78.20400238,78.06500244,77.66400146,77.31600189,77.0739975,76.94100189,76.85299683,76.53099823,76.17099762,75.80500031,75.48000336,75.33499908,75.18800354,75.03900146
Bhutan,79.34200287,79.58399963,79.72899628,79.78099823,79.80400085,79.8710022,79.76599884,79.69799805,79.63800049,79.52899933,79.34200287,78.96199799,78.61499786,78.31300354,78.02600098,77.68499756,77.2519989,76.73500061,76.16000366,75.47399902,74.48400116,73.33399963,67.77300262,72.74299622,72.34300232,72.76999664,73.1309967,73.46499634
Botswana,80.61599731,80.55799866,80.5,80.4489975,80.41100311,80.41600037,80.33300018,80.27400208,80.2519989,80.27400208,80.34500122,80.36799622,80.43299866,80.54000092,80.68299866,80.85399628,80.83000183,80.87200165,80.92199707,80.89299774,80.99099731,81.04599762,81.07800293,81.11699677,81.14399719,81.31800079,81.4469986,81.56400299
Central African Republic,87.19799805,87.14600372,87.03600311,86.91600037,86.80500031,86.71299744,86.57700348,86.46499634,86.36299896,86.27300262,86.18800354,86.11000061,86.03199768,85.93299866,85.84700012,85.73699951,85.65599823,85.56900024,85.46600342,85.35800171,85.23200226,85.09700012,84.9509964,84.71499634,84.56900024,84.57900238,84.60099792,84.62799835
Canada,76.0019989,74.98400116,73.75900269,73.23600006,73.00099945,72.32499695,71.98999786,72.04699707,71.95600128,72.22100067,72.15599823,72.04699707,72.78600311,73.17199707,72.97499847,72.60299683,72.15699768,72.42700195,72.68099976,71.8010025,71.51799774,71.29399872,71.09999847,70.87000275,70.5019989,70.27899933,70.08799744,69.89499664
Central Europe and the Baltics,69.35499394,68.91922533,68.31780628,67.86154798,67.42535376,67.23882487,66.65187134,66.45246618,65.8863566,65.24212673,64.90874774,64.46114978,62.94929449,62.84053577,62.80204844,62.62096316,62.86363836,63.10946035,63.58385961,63.65495067,63.64315043,63.47554124,63.88924061,64.13671212,64.90138993,64.82880836,64.69187736,64.53164679
Switzerland,80.51799774,80.75800323,80.27200317,80.39499664,79.65699768,79.38800049,78.86000061,78.375,78.31500244,77.95500183,77.69300079,77.23200226,76.6289978,76.59899902,75.81099701,75.04100037,75.36299896,75.7440033,75.38800049,75.22599792,75.25,75.53099823,75.33699799,74.93599701,74.9260025,74.84999847,74.65299988,74.46299744
Channel Islands,71.77600098,72.0019989,71.77200317,71.64499664,71.43499756,71.66400146,71.54699707,71.26499939,71.1210022,70.84799957,70.44300079,70.20400238,69.6740036,69.24199677,68.94200134,68.76899719,68.33300018,68.05999756,68.04100037,68.06600189,66.96499634,67.28700256,67.10099792,66.55799866,66.17500305,65.93099976,65.66200256,65.41500092
Chile,76.73200226,76.73899841,77.05500031,77.93800354,77.79499817,76.87000275,76.2009964,75.89399719,75.94499969,75.69999695,74.63899994,74.05400085,73.43499756,73.11599731,72.96299744,73.13600159,73.67299652,73.79499817,74.33499908,73.72200012,74.72299957,75.25099945,74.94300079,74.54399872,74.51799774,74.6289978,74.68499756,74.73400116
China,84.97499847,84.92299652,84.91400146,84.91999817,84.90000153,84.81900024,84.6740036,84.47499847,84.20899963,83.86499786,83.43900299,82.77500153,82.01399994,81.21600342,80.47200012,79.83599854,79.29699707,78.86000061,78.48999786,78.1309967,77.7539978,77.78099823,77.83499908,77.88400269,77.88899994,77.93299866,77.8769989,77.72799683
Cote d'Ivoire,87.70700073,87.09999847,86.47200012,85.82900238,85.18299866,84.53800201,83.83899689,83.12000275,82.37999725,82.29299927,82.23999786,82.21700287,82.1989975,82.17099762,82.1190033,82.03600311,81.94799805,81.83699799,81.70300293,81.54799652,81.3789978,81.24299622,81.11299896,80.99700165,80.90299988,80.8690033,80.85399628,80.86299896
Cameroon,79.56199646,79.20300293,78.81800079,78.40000153,77.93599701,77.42299652,76.84200287,77.13500214,77.41899872,77.7009964,77.98799896,78.26499939,78.54399872,78.83300018,79.13700104,79.45800018,79.79499817,80.14099884,80.49500275,80.85299683,81.21299744,81.16300201,81.12400055,81.08499908,81.02899933,81.10900116,81.17500305,81.23000336
"Congo, Dem. Rep.",73.16500092,73.28800201,73.41899872,73.53700256,73.6309967,73.69300079,73.71099854,73.69100189,73.64700317,73.58200073,73.50099945,73.41999817,73.33300018,73.23699951,73.1269989,73.0019989,72.86100006,72.70700073,72.54699707,72.38700104,72.24099731,72.10600281,71.97899628,71.85399628,71.71800232,71.76599884,71.80699921,71.84200287
"Congo, Rep.",72.08100128,71.8769989,71.67900085,71.4940033,71.33300018,71.22799683,71.1289978,71.06300354,71.04699707,71.06900024,71.14800262,71.22100067,71.31199646,71.40200043,71.48300171,71.54599762,71.70899963,71.83599854,71.97100067,72.11699677,72.27700043,72.41100311,72.52300262,72.59799957,72.62799835,72.61699677,72.6230011,72.61599731
Colombia,77.65899658,78.00800323,78.31099701,78.55500031,79.13400269,79.66899872,80.17500305,80.63700104,81.06400299,81.46600342,81.84799957,82.22599792,82.59100342,82.93599701,81.37400055,81.16799927,78.63600159,78.03099823,78.66600037,80.26000214,80.26799774,80.12000275,80.20400238,79.87799835,79.77799988,79.80799866,79.82800293,79.82700348
Comoros,80.5510025,80.42700195,80.29100037,80.14399719,79.98699951,79.82099915,79.64499664,79.46600342,79.29499817,79.14199829,79.01599884,78.90599823,78.81800079,78.75700378,78.72699738,78.72899628,78.7519989,78.8030014,78.8710022,78.94499969,79.01399994,79.09500122,79.17199707,79.24199677,79.30200195,79.37599945,79.43000031,79.47299957
Cabo Verde,85.1989975,85.19499969,85.18199921,85.15399933,85.08000183,84.95300293,84.74700165,84.48600006,84.17900085,83.84200287,83.47699738,83.16500092,82.85600281,82.57700348,82.3219986,82.19300079,82.22100067,82.31999969,82.45800018,82.60600281,82.77600098,83.06500244,83.35099792,83.6230011,83.86799622,84.15299988,84.39600372,84.60800171
Costa Rica,84.40200043,82.9960022,82.35099792,82.94300079,82.58000183,83.41300201,81.60500336,82.61299896,83.26899719,82.44599915,81.3010025,81.30999756,80.94100189,80.54699707,79.82800293,80.18199921,79.89700317,80.45500183,79.40499878,78.11699677,77.0719986,77.90200043,77.06700134,76.86199951,76.60399628,76.55999756,76.52700043,76.5019989
Caribbean small states,79.66903822,77.18040734,77.83376538,78.2792666,78.28496122,78.22370799,77.73596537,77.49723921,77.18549744,76.94912779,76.87222564,76.60984269,76.29857054,76.13382042,76.02076828,76.006075,75.87118848,75.95066016,75.68990068,74.67781697,73.90888543,73.70257003,73.58109286,73.88394088,73.80165958,73.79314987,73.83131499,73.88506658
Cuba,72.23100281,72.22499847,72.30400085,72.41500092,72.47299957,72.41600037,72.21099854,71.8809967,71.43299866,70.89199829,70.28500366,69.60399628,68.86599731,68.11199951,67.39399719,67.33799744,67.19400024,67.72100067,68.44100189,70.09999847,68.91799927,69.30899811,69.17700195,68.99199677,68.80999756,68.64900208,68.48600006,68.32499695
Curacao,,,,,,,,,,,,,,,,,,,,,,,,,,,,
Cayman Islands,,,,,,,,,,,,,,,,,,,,,,,,,,,,
Cyprus,70.83799744,71.0530014,69.77300262,70.87200165,69.85800171,70.01100159,70.33300018,69.35600281,68.92299652,68.88899994,71.91799927,71.98899841,71.39800262,72.36199951,73.16899872,73.08699799,72.77100372,72.5019989,71.96700287,71.41600037,71.31300354,70.61499786,70.75299835,70.41100311,69.89299774,70.15799713,70.31700134,70.4469986
Czech Republic,70.61599731,71.22399902,71.1969986,71.21800232,71.33000183,71.34300232,71.20999908,70.91300201,70.74299622,70.58599854,69.95700073,69.57700348,69.49500275,68.93299866,68.64399719,68.89299774,68.65399933,68.4469986,68.21399689,68.25099945,68,67.50299835,67.71600342,68.15200043,68.33100128,68.21600342,68.02600098,67.81800079
Germany,69.78700256,72.29699707,71.41899872,70.76100159,70.2559967,69.87599945,69.72299957,69.59600067,69.79100037,68.83799744,68.27999878,67.81700134,66.93299866,65.84200287,66.26999664,66.89600372,66.81700134,66.91100311,66.80599976,66.66100311,66.45200348,66.69000244,66.52200317,66.5510025,66.53199768,66.43299866,66.27600098,66.08999634
Djibouti,66.52400208,65.93800354,65.94499969,65.93399811,65.94300079,65.99099731,66.05999756,66.1740036,66.30500031,66.40799713,66.45300293,66.43599701,66.36799622,66.27600098,66.20500183,66.18499756,66.20999908,66.27999878,66.39700317,66.56400299,66.77700043,67.04699707,67.34700012,67.65299988,67.93299866,68.13800049,68.3219986,68.46900177
Dominica,,,,,,,,,,,,,,,,,,,,,,,,,,,,
Denmark,75.33100128,74.5019989,74.10500336,73.18699646,71.37599945,73.03600311,72.85800171,73.13300323,71.75,72.625,71.72799683,71.24700165,72.0759964,71.59899902,71.91899872,71.44100189,71.56300354,71.05799866,71.24099731,70.21199799,69.09799957,68.4489975,67.40599823,66.23100281,66.34200287,66.15899658,66.06099701,66.03299713
Dominican Republic,85.04100037,85.18699646,84.3809967,83.875,83.86599731,83.50299835,82.9509964,82.28299713,81.60800171,80.94400024,80.36799622,80.48999786,80.56099701,80.65100098,80.70400238,80.67299652,80.6269989,80.56600189,79.4240036,78.25099945,78.71499634,79.3809967,79.14600372,79.1269989,78.71900177,78.69599915,78.66000366,78.59400177
Algeria,74.32299805,74.91000366,75.45700073,75.97000122,76.46199799,76.94200134,77.40399933,76.69499969,75.98699951,75.28800201,74.60500336,73.9940033,73.40699768,72.84100342,72.29499817,71.76399994,71.23699951,70.71199799,70.19300079,69.68299866,70.0039978,69.44599915,68.88899994,70.16300201,70.28500366,70.44300079,70.59700012,70.69400024
East Asia & Pacific (excluding high income),84.40566781,84.37806303,84.37227747,84.35289371,84.28201483,84.34545557,84.3255297,84.01411838,83.61748373,83.64988921,83.32776889,82.92137531,82.30695958,81.78387542,81.24848608,80.65274648,80.1970361,79.82158381,79.51313645,79.30457416,79.00024938,79.06987055,79.09870898,79.11051465,79.06978797,79.10399222,79.05943336,78.9485145
Early-demographic dividend,83.02434622,82.93723043,82.74838393,82.58158056,82.47101293,82.33663856,82.21358761,81.89906529,81.53507882,81.65267011,81.38474238,81.35864594,81.21672531,81.2022369,81.31225854,81.30611345,80.9795617,80.59036684,80.29851838,80.01279323,79.75869373,79.51505906,79.29554364,79.14731556,79.02529218,79.07366547,79.10047346,79.12328284
East Asia & Pacific,83.3198731,83.33824274,83.37415337,83.34624625,83.28402017,83.32839962,83.31410523,83.03496484,82.62380664,82.5970361,82.27276804,81.85539693,81.27822364,80.76253573,80.25268239,79.71158781,79.29338407,78.98090891,78.6738349,78.42794815,78.12670164,78.15311726,78.15331947,78.15090196,78.09816758,78.10842401,78.05406817,77.94576704
Europe & Central Asia (excluding high income),74.23565761,73.75826204,73.22441671,72.1736321,71.30234818,71.03589315,70.21946984,69.22307836,68.50162412,69.50873509,68.89082611,68.02224608,67.41338072,67.39187516,67.67673148,67.97013821,68.01499716,68.56219759,69.15577485,69.16387902,69.33405733,69.68992199,69.75903321,69.89549422,70.28335831,70.4142257,70.41715867,70.35974334
Europe & Central Asia,71.68055806,71.46620547,70.6646556,69.82856908,69.14829329,68.80345,68.36283647,67.8179669,67.4706691,67.77008692,67.46047442,66.85247188,66.51577227,66.4295084,66.56343581,66.74329826,66.7677493,66.99355137,67.28529946,67.09376677,66.99216503,67.04033836,67.08751742,67.00867888,67.11138998,67.07631385,66.97893671,66.85209773
Ecuador,84.53199768,84.55999756,84.5759964,84.58899689,84.61199951,84.62000275,84.59200287,84.5739975,84.54299927,84.45600128,84.38999939,84.34200287,84.27999878,84.1969986,84.68599701,84.63300323,85.73400116,84.07900238,83.28399658,82.39499664,80.59400177,80.24199677,79.25800323,79.59100342,79.59400177,79.70300293,79.81400299,79.91699982
"Egypt, Arab Rep.",74.68499756,74.44400024,70.79399872,72.43599701,73.46499634,72.35399628,71.99500275,71.57900238,71.1269989,73.34600067,72.5059967,71.10199738,71.26799774,72.70999908,74.07700348,75.30699921,73.03399658,73.27799988,73.97000122,74.60299683,75.56300354,75.5759964,75.70899963,75.66200256,75.90599823,76.07900238,76.1780014,76.20300293
Euro area,68.32344245,68.61208323,67.60149324,67.03681616,66.59118207,66.1498732,66.08584676,65.93595654,66.05046522,65.79364942,65.66663238,65.30145348,65.25947518,65.05739473,65.19254076,65.2518828,65.19912144,65.18687871,65.15771512,64.70723432,64.31440372,64.02072507,63.97579604,63.60638082,63.33268303,63.13399899,62.94130439,62.7272384
Eritrea,91.85700226,92.1210022,92.42500305,92.71600342,92.89199829,92.86100006,92.71399689,92.43099976,92.02999878,91.56099701,91.06400299,90.5719986,90.08399963,89.65499878,89.35700226,89.21499634,89.18299866,89.26799774,89.41000366,89.58999634,89.7559967,89.93399811,90.09600067,90.21299744,90.27500153,90.24099731,90.18000031,90.09500122
Spain,69.23999786,68.6760025,67.37200165,66.68800354,66.0039978,65.29299927,65.36199951,65.35399628,65.62400055,65.90599823,66.40899658,65.84300232,66.35299683,67.01699829,67.60099792,68.30899811,68.54399872,68.58999634,68.71199799,67.91799927,67.50800323,66.84200287,66.34300232,65.68599701,65.14399719,64.76599884,64.49099731,64.18000031
Estonia,76.61199951,75.59100342,74.51799774,73.40100098,72.23200226,70.99500275,70.52100372,69.98500061,69.95400238,68.08000183,67.34600067,67.03800201,65.72699738,67.64600372,67.23400116,65.63200378,67.90299988,69.07499695,69.67299652,68.84100342,67.68699646,68.50299835,68.69799805,68.90399933,69.34799957,69.53399658,69.53800201,69.40699768
Ethiopia,90.33599854,90.30500031,90.29599762,90.36799622,90.40000153,90.40899658,90.40699768,90.35500336,90.27999878,90.24500275,90.36699677,90.48000336,90.59200287,90.69300079,90.77500153,90.83100128,90.69300079,90.53800201,90.36499786,90.17700195,89.98100281,89.8010025,89.62400055,89.45300293,89.08100128,89.06400299,89.06099701,89.07299805
European Union,69.31588632,69.3295722,68.37305667,67.76578132,67.30459395,66.97040652,66.78951861,66.6284805,66.51034099,66.25833237,66.14077418,65.70244093,65.34099001,65.21070316,65.23794816,65.26552651,65.33613704,65.35904951,65.45589182,65.11383729,64.79391708,64.54755751,64.61026475,64.40044542,64.36970722,64.20830205,64.03966355,63.85857206
Fragile and conflict affected situations,77.70267284,77.60371287,77.43488177,77.24553885,77.21961002,77.12976485,76.96345764,76.81778366,76.69543718,76.58757593,76.61914183,76.91275595,76.83110989,76.73674396,76.73930413,76.73477289,76.72869162,76.68835464,76.66298826,76.52372717,76.46591315,76.38543735,76.23306427,76.17903931,76.11029487,76.11579843,76.1503642,76.1864648
Finland,71.76699829,70.24900055,68.61799622,67.72899628,66.85600281,67.05999756,66.81099701,65.96800232,66.16300201,66.73400116,67.09899902,67.19999695,66.6190033,66.22399902,65.63400269,65.38300323,65.9960022,66.01899719,66.53399658,64.8030014,64.58200073,64.80899811,64.28600311,63.04600143,62.42699814,62.13600159,61.8769989,61.6609993
Fiji,83.38400269,82.7460022,82.06700134,81.34799957,80.60099792,79.84200287,78.99099731,78.2519989,77.4940033,76.74099731,76.00700378,75.58499908,75.18199921,74.76699829,74.30000305,73.75700378,72.91500092,72.01100159,71.92900085,71.98999786,71.83699799,71.74099731,71.69499969,71.54799652,71.34899902,71.29199982,71.23799896,71.15399933
France,65.66699982,64.60800171,64.40499878,63.89400101,63.48899841,63.14500046,63.4679985,63.125,62.86399841,62.92399979,62.6969986,62.2879982,62.45399857,62.37799835,62.23899841,61.94900131,61.64699936,61.46300125,61.39400101,61.4280014,61.26599884,60.9640007,61.13800049,60.79199982,60.31600189,59.99200058,59.67100143,59.38899994
Faroe Islands,,,,,,,,,,,,,,,,,,,,,,,,,,,,
"Micronesia, Fed. Sts.",,,,,,,,,,,,,,,,,,,,,,,,,,,,
Gabon,69.24500275,69.23400116,69.1740036,69.14299774,68.64399719,68.15200043,67.6780014,67.21900177,66.77799988,66.35800171,65.95999908,65.53299713,65.125,64.74299622,64.38999939,64.06999969,62.59400177,61.0929985,59.56000137,57.98199844,56.34700012,56.52500153,56.72399902,56.93999863,57.1590004,57.5320015,57.89699936,58.26800156
United Kingdom,74.65699768,74.00499725,72.7460022,71.70500183,71.42199707,71.10500336,70.85199738,70.62400055,70.20500183,70.40399933,70.39099884,69.64700317,69.49299622,69.80999756,69.3710022,69.26499939,69.63400269,69.56900024,69.73699951,69.29599762,68.70500183,68.65200043,68.83100128,68.76399994,68.81999969,68.71399689,68.6190033,68.55400085
Georgia,74.25900269,74.91999817,75.81199646,75.54699707,75.30400085,75.35900116,75.44599915,75.41600037,75.31500244,75.18199921,73.98699951,75.65499878,73.80799866,74.8030014,73.18399811,73.26699829,73.55999756,73.97000122,74.46800232,75.0019989,75.43199921,77.31300354,78.74500275,78.07299805,78.10900116,78.40699768,78.70999908,79.00499725
Ghana,72.94300079,72.85099792,72.75800323,73.23999786,73.71600342,74.19100189,74.6780014,75.15799713,75.63500214,76.10800171,76.58200073,75.70800018,74.77700043,73.79699707,72.77600098,71.72499847,70.66699982,71.84300232,72.98000336,74.08599854,75.16899872,76.27999878,77.3690033,78.4280014,78.3730011,78.51599884,78.64800262,78.77700043
Gibraltar,,,,,,,,,,,,,,,,,,,,,,,,,,,,
Guinea,81.28099823,81.26799774,81.24299622,81.21199799,81.17700195,81.14299774,81.10299683,81.06600189,81.03099823,81.0019989,80.97799683,80.9489975,80.92900085,80.91100311,80.90000153,80.89700317,80.88600159,80.8809967,80.88500214,80.88899994,80.90200043,81.39499664,81.41300201,85.33200073,85.14299774,85.14700317,85.14399719,85.14399719
"Gambia, The",85.15699768,85.23500061,85.25,85.18599701,84.9980011,84.76399994,84.46499634,84.18599701,83.88800049,83.69999695,83.57299805,83.55400085,83.39299774,83.45899963,83.51699829,83.51100159,83.51100159,83.47799683,83.41100311,83.28700256,83.16200256,83.0719986,82.97299957,82.87200165,82.77500153,82.70999908,82.65000153,82.59300232
Guinea-Bissau,80.6989975,80.54699707,80.52799988,80.58499908,80.61699677,80.55899811,80.40599823,80.16500092,79.77500153,79.51399994,79.31999969,79.16200256,79.03600311,78.94999695,78.88200378,78.81099701,78.71299744,78.60900116,78.51100159,78.42900085,78.37200165,78.33000183,78.28299713,78.25,78.21900177,78.32299805,78.41699982,78.50499725
Equatorial Guinea,91.55200195,92.08200073,92.56999969,92.98899841,93.31600189,93.54299927,93.64900208,93.68599701,93.66699982,93.60500336,93.51000214,93.34100342,93.14299774,92.93599701,92.7539978,92.61599731,92.48500061,92.39900208,92.34799957,92.31700134,92.29100037,92.24099731,92.19799805,92.15599823,92.10700226,92.02200317,91.89299774,91.7519989
Greece,66.8239975,65.97200012,65.99500275,65.65699768,66.03800201,66.17099762,66.15200043,65.63300323,65.73899841,65.38500214,65.30400085,64.28399658,64.36799622,64.51699829,64.41699982,64.16899872,64.33799744,64.16600037,64.15000153,63.96900177,63.67599869,62.47399902,61.52600098,61.04899979,60.11500168,59.9679985,60.06200027,60.13899994
Grenada,,,,,,,,,,,,,,,,,,,,,,,,,,,,
Greenland,,,,,,,,,,,,,,,,,,,,,,,,,,,,
Guatemala,90.1969986,89.94499969,89.66899872,89.38500214,89.08100128,88.75299835,88.47200012,88.15699768,87.81900024,87.49500275,87.18099976,86.93099976,86.66899872,86.41899872,86.13300323,87.61000061,88.72899628,88.03299713,87.29000092,86.50700378,85.69100189,84.86699677,88.21499634,83.47399902,83.41699982,83.58699799,83.78099823,83.98000336
Guam,77.23699951,77.1989975,77.0719986,76.87200165,76.625,76.33499908,75.93299866,75.47299957,74.97000122,74.42500305,73.84300232,73.25900269,71.09799957,71.55200195,71.93800354,69.66500092,71.2460022,72.50299835,71.64299774,70.62999725,70.13500214,69.57099915,69.28399658,69.06600189,68.81600189,68.76000214,68.71800232,68.69499969
Guyana,83.63999939,83.1230011,82.54000092,81.93199921,81.59100342,81.36699677,81.03399658,80.85900116,81.13400269,81.25499725,81.59400177,81.71800232,81.85099792,82.0510025,82.03299713,82.11000061,81.95700073,81.3010025,80.80899811,80.26999664,79.70999908,79.08399963,78.48000336,77.88600159,77.42700195,77.1760025,77.02100372,76.95200348
High income,73.04560786,72.92195626,72.51280763,72.10832233,71.79190026,71.58726384,71.47778341,71.37604017,71.22534205,71.00089321,70.9088436,70.45897094,70.19464893,69.85207439,69.72235004,69.7338951,69.75586491,69.76754634,69.73338441,69.22795234,68.89565301,68.63275702,68.63132401,68.44849819,68.26610943,68.15803448,68.01054624,67.86369676
"Hong Kong SAR, China",79.33699799,79.03399658,78.44300079,77.9940033,77.2009964,76.76999664,75.98000336,75.3239975,74.72200012,74.02300262,73.3219986,72.69599915,72.23999786,71.96299744,71.77500153,71.29000092,70.84100342,70.46800232,69.59600067,69.30200195,68.47100067,68.41200256,68.67099762,69.13700104,68.7539978,68.45500183,68.13300323,67.81400299
Honduras,86.1289978,86.10299683,85.89499664,86.36100006,86.80000305,87.21700287,87.82800293,87.95899963,88.41799927,89.00299835,87.96600342,86.97699738,85.65100098,84.83200073,83.93099976,83.0510025,83.29599762,84.15399933,84.97799683,85.77100372,84.57700348,84.48500061,84.39700317,84.44000244,84.38600159,84.43000031,84.48500061,84.54699707
Heavily indebted poor countries (HIPC),82.81582774,82.64330276,82.46020228,82.29786308,82.23869693,82.14709951,82.02834783,81.92578838,81.85995952,81.8447023,81.80006793,81.72620098,81.67998188,81.60550922,81.51062468,81.42266336,81.33188286,81.29082966,81.27423126,81.29649272,81.25619713,81.15240683,81.08545301,81.12598907,81.02294337,81.05471104,81.08618216,81.11775694
Croatia,68.62000275,68.97399902,68.24099731,67.49900055,66.75099945,66.00099945,65.31700134,64.68099976,64.08799744,63.5359993,63.02600098,61.99700165,60.70700073,60.83800125,61.8409996,61.11000061,59.96300125,61.0870018,60.73400116,59.82099915,59.2179985,59.34400177,58.57600021,57.79000092,58.90800095,58.72600174,58.52899933,58.37599945
Haiti,77.39499664,76.73500061,76.02300262,75.24900055,74.40499878,73.49199677,72.61599731,71.68199921,70.72399902,69.79699707,68.93499756,68.91999817,68.97899628,69.09500122,69.2480011,69.4240036,69.58499908,69.75900269,69.99299622,70.19300079,70.51799774,70.70500183,70.88400269,71.0510025,71.20999908,71.35800171,71.53099823,71.69799805
Hungary,64.39700317,63.35200119,62.99300003,60.58599854,58.93700027,59.1969986,58.4280014,57.52700043,56.54100037,57.72800064,58.04700089,57.7140007,57.50999832,58.03699875,57.89400101,58.33100128,58.81100082,58.80799866,58.27099991,58.1590004,58.33300018,58.84899902,59.78699875,60.58100128,62.46300125,62.50899887,62.44300079,62.35699844
IBRD only,82.60274497,82.48381974,82.323863,82.16175331,81.95047859,81.81556711,81.55105034,81.24989744,80.88845497,80.9388518,80.57461099,80.25401198,79.90199039,79.651225,79.49959355,79.31690072,78.91961573,78.61660721,78.42101423,78.14959149,77.8673181,77.73608008,77.64787478,77.57053742,77.53880182,77.57797055,77.56057315,77.50339563
IDA & IBRD total,82.53636128,82.40301591,82.23727866,82.04060904,81.84662522,81.69809686,81.44189966,81.15889596,80.81489834,80.82583599,80.50162846,80.20676256,79.86741047,79.61134264,79.44039818,79.28957763,78.97162498,78.6937133,78.5128447,78.28690157,78.04816082,77.93880184,77.85055308,77.78367098,77.73602138,77.78528812,77.7904709,77.76402681
IDA total,82.20320418,82.00154625,81.81148979,81.45103402,81.34664989,81.13894287,80.92607978,80.73247109,80.47336879,80.3057677,80.16872995,79.99301564,79.71226987,79.43388425,79.17927669,79.170164,79.19680939,79.02430608,78.90248819,78.86300576,78.79740151,78.76800403,78.66840262,78.63143271,78.50905147,78.5860516,78.66564682,78.74127796
IDA blend,79.26755714,78.89745301,78.57344156,77.73406893,77.54185559,77.13945005,76.82278249,76.54113715,76.03929599,75.77284587,75.54135266,75.09578825,74.62251328,74.20448266,73.79899921,74.07385059,74.44645337,74.22029064,74.10690313,74.20348263,74.18673688,74.32873544,74.30177536,74.27415083,74.19003564,74.3329246,74.46344021,74.58128997
Indonesia,81.13800049,81.48699951,81.83399963,82.18099976,82.02899933,83.31500244,84.36100006,83.09899902,81.25900269,84.71499634,84.81900024,84.92099762,84.94799805,85.12000275,85.23600006,85.30400085,85.02300262,84.69200134,84.26000214,84.65699768,84.31800079,84.3010025,84.26599884,84.22000122,83.94499969,83.85399628,83.75,83.65499878
IDA only,83.75782021,83.63914073,83.51359877,83.39823143,83.3331903,83.22059209,83.06001444,82.91076067,82.77648733,82.65881684,82.57076235,82.53378495,82.35263269,82.14721288,81.97156928,81.81536017,81.66428933,81.52065128,81.3948452,81.28496137,81.19614538,81.07617657,80.93618513,80.89186321,80.74653467,80.78544013,80.83342874,80.88113548
Isle of Man,,,,,,,,,,,,,,,,,,,,,,,,,,,,
India,85.05999756,84.84200287,84.63300323,84.4280014,84.22000122,83.97100067,83.68299866,83.39099884,83.10099792,82.8219986,82.56199646,82.63700104,82.72899628,82.83399963,82.94799805,83.06900024,82.5510025,82.04000092,81.53399658,81.02899933,80.52300262,80.03399658,79.54000092,79.30599976,79.10299683,79.10900116,79.09500122,79.07700348
Not classified,,,,,,,,,,,,,,,,,,,,,,,,,,,,
Ireland,70.64700317,70.63999939,68.51200104,68.11299896,68.46900177,68.27100372,68.49199677,68.58000183,69.83499908,70.79000092,71.45600128,71.36599731,70.94999695,70.95400238,71.55500031,72.86499786,73.50800323,73.45700073,72.6740036,70.76799774,69.23600006,68.42900085,68.13600159,68.3259964,68.22599792,67.81800079,67.4489975,67.06199646
"Iran, Islamic Rep.",80.55999756,80.34700012,79.39499664,78.3730011,77.25700378,76.03600311,74.68299866,74.29499817,73.96199799,73.73000336,73.61699677,73.60700226,73.65699768,73.77100372,73.96199799,74.23899841,73.21199799,72.27300262,70.32099915,70.59400177,69.9469986,70.4489975,70.91300201,71.95300293,72.36599731,72.73300171,72.99500275,73.15399933
Iraq,71.62400055,71.42500305,71.23300171,71.04199982,70.84799957,70.64900208,70.48400116,70.3219986,70.15299988,69.96700287,69.75700378,69.51300049,69.2480011,68.96600342,68.67700195,68.90699768,68.97100067,69.14800262,69.125,69.19999695,69.33899689,69.41999817,69.48799896,69.5510025,69.61699677,69.73100281,69.82700348,69.9280014
Iceland,81.88899994,82.20300293,82.66699982,80.23500061,79.88899994,81.78199768,80.31700134,80.28199768,81.35500336,82.0019989,82.24099731,82.03900146,81.15899658,80.26999664,79.44100189,80.1740036,81.67099762,81.47699738,80.79199982,78.47200012,78.6269989,77.77700043,77.14499664,77.74099731,77.71499634,77.5,77.33100128,77.15499878
Israel,72.27799988,72.36000061,72.04799652,73.67099762,73.3789978,72.94999695,71.79000092,71.14600372,70.52200317,70.1289978,70.09100342,69.85299683,68.90499878,68.60700226,69.19599915,69.28900146,69.72200012,70.16999817,70.12599945,69.41999817,69.66200256,69.34700012,69.42900085,69.60900116,69.51999664,69.36699677,69.1969986,69.04000092
Italy,66.90799713,66.70200348,64.68299866,64.20800018,63.125,62.26800156,62.06499863,61.82899857,61.80699921,61.54899979,61.30400085,61.02899933,61.32500076,61.63199997,61.75,61.00500107,60.79000092,60.43000031,60.38000107,59.53699875,59.04600143,58.6269989,59.04399872,58.31299973,58.29899979,58.14400101,57.97900009,57.80799866
Jamaica,81.76300049,81.45999908,81.15699768,80.83000183,80.4509964,79.97499847,79.56700134,79.10199738,78.58699799,78.13600159,77.65499878,77.15100098,76.60099792,75.98799896,75.38999939,75.09700012,74.96800232,74.85600281,74.73699951,72.46099854,70.96900177,70.78800201,70.89700317,72.0739975,72.10199738,72.2009964,72.42299652,72.68499756
Jordan,65.60199738,67.19100189,66.93900299,67.7539978,68.41500092,68.83000183,68.97599792,68.93900299,68.88800049,68.65399933,68.47699738,68.83000183,67.66500092,67.53600311,67.77799988,67.63800049,67.09200287,67.53700256,67.60900116,68.68699646,67.64099884,66.59999847,65.43199921,64.40599823,64.31999969,64.36499786,64.43299866,64.48899841
Japan,77.18699646,77.66500092,78.125,78.19799805,77.94200134,77.75499725,77.8259964,77.80599976,77.36399841,76.91600037,76.38300323,75.72599792,74.9469986,74.31800079,73.55999756,73.34400177,73.09999847,73.23200226,72.91000366,72.20200348,71.64900208,70.95700073,70.51300049,70.41600037,70.45400238,70.16300201,69.92700195,69.74099731
Kazakhstan,78.04299927,77.78800201,77.58399963,77.40899658,77.23000336,77.03199768,76.81999969,76.62799835,76.47000122,76.35099792,76.26699829,76.11699677,75.97899628,75.55799866,75.10199738,75.15799713,75.12799835,75.19400024,75.33999634,75.32099915,75.7539978,76.2460022,76.36199951,76.20400238,76.49299622,76.98000336,77.28900146,77.47599792
Kenya,80.37599945,79.68599701,78.99500275,78.30500031,77.6190033,76.93699646,76.18099976,75.41500092,74.64600372,73.88500214,73.13999939,72.41100311,71.68900299,70.99500275,70.35299683,69.77300262,70.02799988,70.3730011,70.73100281,71.0719986,71.36199951,71.61100006,71.79199982,71.91000366,71.95300293,72.12999725,72.26300049,72.34999847
Kyrgyz Republic,74.31700134,74.23200226,74.21600342,74.23699951,74.25499725,74.25299835,74.21299744,74.16300201,74.11599731,74.08399963,74.06300354,74.01300049,73.94200134,74.11299896,74.26799774,76.12799835,77.48600006,76.99299622,76.39499664,75.61499786,76.6230011,77.45600128,77.23500061,76.48500061,76.78299713,77.0510025,77.3030014,77.52400208
Cambodia,83.70300293,83.87999725,84.24900055,84.72299957,84.80599976,84.59999847,84.17500305,83.80799866,83.15799713,82.31900024,84.33000183,84.96299744,85.51499939,85.93199921,86.02799988,86.55999756,87.13600159,87.65499878,87.02400208,87.31500244,88.60299683,88.78299713,87.18800354,86.79599762,86.60399628,86.71700287,86.84700012,86.9940033
Kiribati,,,,,,,,,,,,,,,,,,,,,,,,,,,,
St. Kitts and Nevis,,,,,,,,,,,,,,,,,,,,,,,,,,,,
"Korea, Rep.",73.3809967,74.01899719,74.43900299,74.34200287,75.05899811,75.2539978,75.30799866,75.26699829,74.28399658,73.59700012,73.41799927,73.14600372,73.65599823,73.16500092,73.18599701,72.56199646,72.32299805,72.52400208,72.01200104,71.65299988,71.65100098,71.78800201,72.01499939,72.04199982,71.81199646,71.81800079,71.86299896,71.94799805
Kuwait,78.23100281,78.25800323,79.0019989,80.28099823,81.95600128,83.97699738,83.36699677,82.96499634,82.74700165,82.6989975,82.78299713,82.01899719,81.56800079,81.47000122,81.56099701,81.9260025,81.63700104,81.71299744,82.13300323,83.02600098,83.76899719,83.59300232,83.53700256,83.80599976,84.1289978,84.46199799,83.9260025,83.60500336
Latin America & Caribbean (excluding high income),82.68366403,82.89859681,83.12595052,83.10464575,82.93225304,82.6403062,81.99200052,82.27359032,82.17636666,81.96217912,81.44661984,81.1487159,80.97618526,80.58532208,80.85422292,80.80220351,80.730691,80.44464075,80.53999081,80.24184504,80.0044762,79.37560519,79.42045861,78.88819824,78.78452117,78.74933624,78.71011814,78.66482065
Lao PDR,82.87400055,82.8239975,82.70800018,82.57299805,82.29799652,82.0759964,81.83999634,81.58499908,81.47499847,81.1230011,80.82099915,80.51100159,80.14199829,79.72799683,79.27799988,78.78299713,78.31300354,77.9240036,77.55400085,77.26399994,76.98300171,76.83499908,76.75499725,76.69000244,76.69799805,77.03800201,77.40899658,77.78299713
Lebanon,69.09200287,69.8219986,69.63899994,69.32700348,68.97699738,68.77600098,68.56199646,69.01300049,68.92099762,69.27100372,69.55699921,69.98100281,70.41999817,70.79000092,70.62999725,70.62000275,70.61100006,70.34799957,70.23100281,70.12000275,70.02100372,69.98999786,70.00499725,70.06199646,70.15000153,70.25700378,70.44300079,70.63800049
Liberia,64.63999939,64.40200043,63.99599838,63.62400055,63.33599854,63.02700043,62.83300018,62.60900116,62.35599899,62.26399994,62.20999908,62.33100128,62.30599976,62.45899963,62.59500122,62.87400055,63.25699997,63.72100067,64.03299713,64.1780014,64.33399963,64.30799866,64.21900177,64.06999969,63.82300186,63.91899872,63.99499893,64.06400299
Libya,73.27999878,73.10900116,73.1760025,73.29499817,73.39399719,73.6969986,73.8239975,74.06099701,74.35099792,74.65299988,74.91799927,75.09700012,75.27100372,75.36000061,75.61499786,75.90699768,76.21299744,76.55899811,76.9469986,77.34200287,77.67500305,78.93800354,78.54799652,78.77200317,78.94499969,78.74700165,78.61100006,78.43800354
St. Lucia,77.07099915,77.13800049,76.70600128,76.77899933,76.9489975,76.84899902,76.46499634,76.61699677,76.08999634,76.01999664,75.75,76.47599792,76.79299927,76.59400177,77.125,77.58799744,75.97399902,75.71499634,75.5039978,75.43900299,75.47200012,75.50499725,75.86599731,76.125,76.42199707,76.47899628,76.53199768,76.55200195
Latin America & Caribbean,82.22707596,82.41861957,82.65495832,82.67490394,82.51568707,82.21347712,81.58321509,81.84668593,81.75513204,81.52897971,80.99997591,80.7078589,80.51942687,80.13623735,80.39473169,80.35985896,80.32053799,80.04776905,80.14681105,79.8478195,79.63304851,79.04588735,79.07769375,78.55791445,78.46131902,78.43631722,78.40529419,78.36555887
Least developed countries: UN classification,84.05519893,83.93309515,83.80189553,83.64723122,83.56311384,83.432427,83.26237053,83.11274509,82.98074293,82.84929408,82.76401709,82.66133444,82.58796521,82.48396453,82.36080157,82.24792002,82.1281857,81.96761973,81.8004004,81.67739773,81.54275712,81.36285997,81.1738749,81.09274986,80.93203058,80.9674736,81.00136773,81.0350706
Low income,84.66885077,84.63054397,84.58196986,84.51906659,84.44112984,84.34943609,84.23408363,84.08970296,83.97221094,83.86135747,83.83107818,83.83606427,83.86349542,83.84092361,83.77872464,83.67040846,83.58297951,83.43917785,83.3419533,83.25067439,83.10637499,82.88312581,82.71953626,82.68884788,82.55714166,82.56883215,82.58053918,82.59542106
Liechtenstein,,,,,,,,,,,,,,,,,,,,,,,,,,,,
Sri Lanka,79.32900238,78.15399933,76.66100311,77.1269989,76.83300018,74.96800232,75.88999939,76.60900116,77.59500122,78.23699951,76.95400238,76.83599854,76.73899841,76.63500214,75.23899841,76.21900177,77.01000214,76.61299896,76.78700256,76.35199738,76.58599854,76.18399811,75.95500183,76.13200378,75.96399689,75.63600159,75.34899902,75.04000092
Lower middle income,82.57422208,82.40717168,82.14581354,81.96589798,81.82991926,81.72560654,81.58455585,81.22769696,80.80914885,80.97074063,80.6941709,80.63756527,80.49295698,80.52864276,80.49507585,80.53616448,80.20307195,79.85436468,79.58346433,79.39129591,79.15311813,78.9799109,78.73485966,78.57612739,78.41795704,78.45348728,78.47294292,78.4851185
Low & middle income,82.67220929,82.55204604,82.39278454,82.19731797,82.0142431,81.87560902,81.62467929,81.34158089,80.99805655,81.01799905,80.68825528,80.39098286,80.05408281,79.7949276,79.61641528,79.45647532,79.1314132,78.8499039,78.65928896,78.42880098,78.17534277,78.0601651,77.96834548,77.89875203,77.84609141,77.89415499,77.89869324,77.87179283
Lesotho,83.97599792,83.61799622,83.21299744,82.77600098,82.39399719,82.08000183,81.86499786,81.69499969,81.53600311,81.35299683,80.43099976,79.48300171,78.51100159,77.52500153,76.53500366,75.54699707,74.61399841,73.74299622,72.94000244,73.04199982,73.16200256,73.32299805,73.48200226,73.65100098,73.58699799,73.89399719,74.21199799,74.55500031
Late-demographic dividend,83.06542486,82.93570481,82.8319492,82.64573216,82.3828021,82.25093506,81.86861765,81.62868381,81.31409554,81.28367355,80.93533938,80.35795832,79.79048845,79.28776558,78.844602,78.46452639,78.05756288,77.82223087,77.70971319,77.48655866,77.21217565,77.22805971,77.27901235,77.28165087,77.30132984,77.3445784,77.29033181,77.16373292
Lithuania,74.44300079,73.97299957,73.50299835,73.02500153,72.51699829,71.96600342,71.21800232,70.39099884,69.65299988,68.12599945,66.2559967,65.21299744,65.10600281,66.36399841,64.08200073,62.72700119,61.3769989,61.89699936,62.15200043,62.12900162,62.10900116,63.3219986,63.50699997,64.1289978,65.34200287,65.45899963,65.77300262,66.05599976
Luxembourg,68.28099823,68.84500122,68.08999634,68.15200043,67.28500366,66.16100311,66.07099915,65.36399841,65.40399933,65.05200195,65.96900177,65.08100128,65.91799927,64.39399719,64.32299805,64.66400146,64.22499847,63.44300079,63.36100006,66.06700134,65.3690033,64.46399689,65.1760025,65.53800201,66.04399872,66.10600281,65.79199982,65.49700165
Latvia,76.72100067,75.68299866,74.58599854,73.42199707,72.15100098,70.74199677,69.1969986,67.83899689,67.97799683,67.1760025,64.91300201,64.53199768,66.78800201,65.63300323,66.61399841,66.28399658,67.98000336,69.12000275,70.41899872,67.66300201,65.40399933,65.47799683,66.80999756,66.8010025,67.46499634,67.72299957,67.79000092,67.70700073
"Macao SAR, China",71.40299988,71.47200012,71.37999725,71.04000092,70.09899902,72.40200043,80.59200287,79.47799683,78.70600128,77.1289978,75.46800232,76.54699707,73.17099762,72.41000366,73.52999878,74.26599884,75.6969986,76.62200165,77.31800079,76.53399658,77.06900024,77.01499939,77.06999969,76.38300323,76.4280014,76.50700378,76.48500061,76.43800354
St. Martin (French part),,,,,,,,,,,,,,,,,,,,,,,,,,,,
Morocco,80.27200317,79.88999939,80.38500214,80.6740036,79.90299988,80.61799622,79.69300079,80.02500153,79.4980011,79.58899689,78.88400269,78.33200073,77.77899933,77.74299622,77.92500305,77.16600037,76.5019989,76.30400085,76.21700287,75.81400299,75.23999786,75.42700195,74.82900238,74.33599854,74.23899841,74.33300018,74.42500305,74.4980011
Monaco,,,,,,,,,,,,,,,,,,,,,,,,,,,,
Moldova,74.21900177,73.55899811,72.875,72.1309967,71.3030014,70.38500214,69.21099854,67.97299957,66.67199707,65.29399872,63.82099915,61.30400085,59.75699997,54.22100067,51.63399887,50.36399841,49.90999985,47.9679985,47.5909996,46.50999832,45.2840004,45.83399963,43.75500107,44.7480011,45.03300095,45.63000107,46.10300064,46.51900101
Madagascar,88.78199768,88.69300079,88.60700226,88.54499817,88.54699707,88.63400269,88.79399872,89.02300262,89.26799774,89.46199799,89.56900024,89.58499908,89.50499725,89.40299988,89.27600098,89.14900208,89.55599976,89.9509964,90.32700348,90.67199707,90.97000122,90.31700134,89.51499939,89.31099701,89.12200165,89.08799744,89.05500031,89.03199768
Maldives,77.02300262,76.38400269,75.75700378,75.09200287,74.32299805,73.41999817,73.00499725,72.5039978,71.96099854,71.45200348,71.02300262,71.56600189,72.20400238,72.91999817,73.70200348,74.54199982,75.43299866,75.57299805,75.77600098,76.03600311,76.34300232,76.83399963,77.36000061,77.88500214,78.36499786,78.82900238,79.23100281,79.56700134
Middle East & North Africa,76.96404624,76.92934318,75.98025729,76.20095961,76.11581462,75.70467402,75.1043543,74.73054683,74.30473677,74.57963606,74.38937758,74.06775889,73.7414395,73.81688845,74.05999117,74.26607392,73.43317323,73.31166515,73.12083912,73.31427524,73.5890355,73.80087885,73.94472228,74.35050394,74.52925028,74.71792984,74.78209206,74.81301703
Mexico,83.75299835,84.35600281,84.81300354,85.28900146,84.35700226,83.0530014,83.26300049,84.03600311,83.98600006,83.34200287,82.6969986,82.1760025,81.73000336,81.12400055,81.51399994,80.93900299,81.70300293,81.35299683,81.25700378,79.89299774,80.73300171,79.72899628,80.35700226,79.60399628,79.50099945,79.5,79.50499725,79.50800323
Marshall Islands,,,,,,,,,,,,,,,,,,,,,,,,,,,,
Middle income,82.54106732,82.41431298,82.24636922,82.04056236,81.84876542,81.70521073,81.44413222,81.150349,80.78974225,80.81750947,80.46513391,80.14452654,79.77932091,79.50058655,79.31077882,79.1438605,78.79771653,78.50199219,78.29991801,78.05373491,77.78607333,77.67339616,77.5807752,77.50091572,77.44756313,77.49134583,77.48793373,77.44953457
"Macedonia, FYR",67.21499634,67.44799805,67.65599823,67.8710022,67.85099792,67.8219986,67.66699982,67.29000092,66.91500092,66.56400299,66.23799896,65.95200348,65.66899872,65.54399872,63.63999939,64.56199646,67.06099701,66.94200134,68.3809967,69.19999695,69.26599884,68.18699646,67.82900238,67.57700348,68.16600037,68.11000061,67.97799683,67.81700134
Mali,66.45400238,66.45600128,66.4240036,66.27700043,66.16000366,66.11799622,66.15299988,66.24500275,66.36199951,66.49900055,66.6289978,66.85099792,67.0530014,67.28600311,67.50499725,70.10700226,72.60399628,74.9940033,77.26000214,79.39199829,81.3809967,81.61799622,81.83799744,82.0510025,82.23699951,82.26100159,82.2990036,82.32900238
Malta,76.44200134,75.62000275,74.61699677,73.96800232,73.3259964,72.99700165,72.61699677,71.98300171,71.6190033,71.11499786,70.47599792,72.33100128,70.23899841,70.21099854,69.60199738,68.80400085,68.26499939,67.53800201,66.45600128,65.85900116,66.01999664,66.34700012,65.53700256,66.06199646,66.13500214,65.96800232,65.81999969,65.70400238
Myanmar,79.01200104,79.0759964,79.13999939,79.20200348,79.25800323,79.31300354,79.38200378,79.45500183,79.56700134,79.66300201,79.79399872,79.98999786,80.21399689,80.44000244,80.65100098,80.83000183,81.0530014,81.23100281,81.39299774,81.47100067,81.47899628,81.43699646,81.36799622,81.27300262,81.15200043,81.05899811,80.9509964,80.83499908
Middle East & North Africa (excluding high income),76.52477339,76.46830665,75.36956943,75.6184866,75.57121545,75.09048862,74.57389483,74.26417211,73.83850493,74.1681697,73.7134296,73.4074808,73.09266664,73.19093223,73.43276383,73.60149909,72.62293755,72.34862628,71.97188966,72.0415735,72.10398028,72.25268704,72.27710136,72.60121282,72.76065969,72.9120736,73.05262355,73.14718631
Montenegro,62.73699951,63.1230011,63.23099899,63.12099838,62.92300034,62.47700119,61.74100113,61.2879982,60.75299835,60.79199982,60.35300064,60.04100037,59.77899933,59.55699921,59.28499985,59.02099991,59.55899811,60.09700012,61.05400085,60.05699921,58.91799927,55.87099838,57.31200027,56.60900116,56.24200058,56.1230011,56.00400162,55.91199875
Mongolia,62.64699936,63.79299927,64.98200226,65.61799622,65.80599976,65.64600372,65.73999786,65.70400238,65.70700073,65.70899963,65.83200073,65.69400024,65.3789978,64.89800262,64.98600006,65.18499756,65.41999817,65.75099945,64.36799622,67.53199768,67.58699799,68.58000183,69.79699707,68.73100281,68.41899872,68.79299927,69.06099701,69.26399994
Northern Mariana Islands,,,,,,,,,,,,,,,,,,,,,,,,,,,,
Mozambique,80.81700134,80.86000061,80.79100037,80.75499725,80.71199799,80.67500305,80.46700287,80.3010025,81.3239975,82.06400299,82.58200073,82.93000031,83.15299988,83.27600098,83.10399628,82.81099701,82.37999725,81.78099823,80.98999786,79.98100281,78.72799683,77.21199799,75.39700317,75.36000061,75.27899933,75.3769989,75.48100281,75.58799744
Mauritania,67.2539978,67.19000244,67.10800171,67.03600311,66.89299774,66.8259964,66.7480011,66.61100006,66.52100372,66.45200348,66.34400177,66.22200012,66.09100342,66.0039978,65.93099976,65.87999725,65.85099792,65.74900055,65.66500092,65.54299927,65.46600342,65.39600372,65.34899902,65.29199982,65.21600342,65.30799866,65.39600372,65.47899628
Mauritius,81.43299866,81.31999969,81.27500153,81.25099945,81.21399689,81.15000153,80.84200287,80.53099823,80.26399994,80.04699707,79.86100006,79.82299805,79.12799835,78.3769989,77.52999878,76.81199646,76.10700226,75.84300232,74.88400269,74.5019989,74.39099884,73.81500244,73.9940033,74.59899902,75.10099792,74.87200165,74.60600281,74.32800293
Malawi,79.10299683,79.02100372,78.91500092,78.80400085,78.71099854,78.64199829,78.53199768,78.4489975,78.3730011,79.43000031,80.51399994,81.62400055,82.72799683,83.81600189,84.86399841,85.83599854,83.64199829,80.85700226,80.35700226,80.52400208,80.64900208,80.76300049,80.79699707,80.74299622,80.6760025,80.76899719,80.8769989,80.98400116
Malaysia,80.29699707,80.46399689,80.60800171,80.72799683,80.82800293,80.90799713,80.97699738,81.04699707,81.14199829,80.74900055,81,80.2990036,79.6210022,78.97499847,78.36799622,77.8239975,77.16200256,76.53199768,76.0039978,75.90299988,75.86699677,76.55599976,77.2539978,77.48699951,77.48200226,77.61499786,77.7009964,77.75700378
North America,75.37480557,74.66462142,74.58354639,74.24738067,74.00095468,73.96185521,73.94731879,74.03120393,74.02927354,74.01342015,73.9709317,73.47282355,73.0939271,72.52939876,72.29303988,72.22528424,72.32655541,72.13548649,71.96538894,70.96189311,70.17455926,69.60830373,69.56527095,69.19780123,68.74775402,68.61872001,68.47295793,68.30493009
Namibia,64.88999939,64.61199951,64.46900177,64.37200165,64.34400177,63.625,62.9469986,62.40999985,63.12799835,63.83100128,64.50099945,65.3219986,66.04199982,66.66300201,67.20200348,67.68099976,68.2440033,68.7460022,69.20999908,67.80400085,66.3010025,64.82099915,63.23500061,63.02700043,62.86500168,63.32799911,63.79499817,64.27999878
New Caledonia,72.43099976,72.26499939,72.15399933,72.04199982,71.85600281,71.55799866,71.03800201,71.02500153,70.88400269,70.67700195,70.6289978,70.58999634,70.55200195,70.3789978,70.15100098,69.87599945,69.37999725,68.83200073,68.2519989,67.85299683,67.31900024,67.07900238,66.96800232,66.9260025,66.85700226,66.89800262,66.87799835,66.85700226
Niger,92.36299896,91.98500061,91.56099701,91.10199738,90.63500214,90.17199707,89.83000183,89.51799774,89.21199799,88.88700104,88.51999664,87.98300171,88.89199829,89.63800049,90.24199677,90.72200012,90.59500122,90.47699738,90.35900116,90.23200226,90.09400177,89.9489975,89.81400299,89.67900085,89.54499817,89.42099762,89.2990036,89.19000244
Nigeria,74.81600189,74.24299622,73.6289978,72.97399902,72.27899933,71.54299927,70.7519989,69.90299988,68.99099731,68.01499939,66.96900177,65.83999634,64.62200165,63.30599976,61.88299942,62.08599854,62.3030014,62.52399826,62.74599838,62.9620018,63.17100143,63.34899902,63.52000046,63.6780014,63.82300186,63.99100113,64.14900208,64.29499817
Nicaragua,83.04799652,83.39299774,83.72799683,84.05400085,84.36699677,84.66500092,84.22499847,83.77799988,83.3259964,82.87799835,82.43800354,82.02700043,81.6210022,81.21800232,80.81700134,80.41600037,80.0530014,79.93299866,80.00499725,80.51599884,80.54599762,80.41799927,80.34300232,80.28299713,80.22100067,80.34899902,80.47399902,80.57900238
Netherlands,70.43399811,70.48500061,69.82299805,69.80899811,70.0530014,70.06600189,70.12599945,71.26899719,71.92900085,71.93399811,72.94300079,73.21600342,73.76300049,73.0039978,72.88800049,72.5059967,72.58999634,72.98999786,73.30500031,73.13999939,71.22599792,70.50700378,70.88999939,70.84100342,70.56199646,70.24099731,69.9509964,69.69499969
Norway,71.29100037,69.29199982,69.13600159,68.46499634,68.88800049,69.4260025,70.79000092,71.96800232,72.63999939,72.11799622,72.23899841,71.8219986,71.63600159,70.74700165,70.5739975,70.51200104,70.42500305,70.81199646,71.73100281,70.46399689,69.99500275,69.38300323,69.5510025,68.8690033,68.61799622,68.53099823,68.39199829,68.30500031
Nepal,90.69200134,90.88800049,91.05500031,91.18499756,91.26799774,91.2990036,91.13200378,90.95500183,90.77799988,90.59700012,90.33100128,90.13899994,89.92099762,89.66400146,89.36000061,89.00499725,88.6190033,88.23400116,87.84999847,87.66699982,87.47499847,87.3030014,87.1309967,86.96600342,86.82299805,86.76899719,86.71900177,86.7009964
Nauru,,,,,,,,,,,,,,,,,,,,,,,,,,,,
New Zealand,74.35399628,73.7519989,73.10399628,73.05899811,73.49299622,73.91100311,74.21700287,73.97799683,73.23999786,73.13800049,73.33699799,73.66999817,74.39900208,73.58100128,74.22699738,74.77100372,75.35299683,75.42500305,74.99299622,74.42299652,74.18299866,74.3730011,73.76599884,73.71499634,73.36399841,73.08300018,72.91799927,72.77600098
OECD members,73.82348396,73.73433382,73.37326022,72.98922858,72.67336379,72.37035847,72.30893578,72.27105605,72.15670163,71.88817644,71.62614788,71.15407554,70.8266758,70.40717866,70.36158548,70.32878631,70.37903891,70.33695839,70.29992452,69.70667222,69.42329639,69.10205099,69.08449304,68.81171721,68.68036083,68.56412292,68.44455341,68.32618861
Oman,80.89900208,80.97499847,81.04399872,81.25700378,81.58899689,81.85900116,80.54199982,79.26799774,78.48699951,78.20300293,77.84999847,77.51200104,77.38899994,77.36799622,77.22399902,77.10199738,76.82299805,77.16799927,77.91600037,79.30699921,80.71900177,81.08999634,81.94000244,83.09400177,84.38400269,85.62799835,85.56800079,85.36100006
Other small states,78.1917886,77.99487228,77.74640471,77.61076197,77.36412429,77.14614214,76.80644528,76.4049115,76.23880475,75.9610681,75.85129527,75.73228981,75.35946391,75.44396391,75.38636558,75.37548059,75.49679456,75.70140502,75.9348669,76.01930157,76.12391279,75.9600884,75.7725533,76.07305721,76.16558022,76.41575644,76.51939001,76.64939279
Pakistan,84.60099792,84.31400299,84.29499817,82.9960022,83.36399841,83.19100189,83.32900238,83.45700073,83.13899994,83.4960022,83.71199799,83.48699951,83.24900055,83.36100006,83.47200012,84.08000183,84.68000031,83.83599854,83.26200104,83.15000153,82.83499908,82.94400024,82.71099854,82.46399689,82.1269989,82.24299622,82.36299896,82.49500275
Panama,79.27700043,78.5759964,79.93800354,81.18900299,80.98699951,81.77300262,81.43000031,81.07099915,82.66899872,81.92299652,81.54299927,81.13300323,80.69000244,80.69300079,81.39099884,81.11699677,80.71199799,80.91100311,82.93399811,82.48200226,81.96399689,80.76200104,81.59400177,81.22799683,80.53800201,80.46199799,80.40100098,80.35099792
Peru,77.44400024,76.56800079,77.96099854,79.18499756,80.27999878,80.77799988,81.56700134,82.26000214,83.4940033,83.30699921,82.67500305,83.77700043,81.44000244,79.0739975,79.01599884,78.89399719,81.30699921,83.80799866,84.82499695,84.35299683,84.32700348,83.80200195,83.84200287,82.46600342,82.47699738,82.60800171,82.72399902,82.8219986
Philippines,82.84799957,83.20400238,83.39499664,82.86499786,83.04699707,83.66300201,83.78600311,83.46700287,84.07499695,83.04000092,81.85399628,83.21800232,81.91500092,83.52700043,83.12000275,80.03600311,79.50499725,78.71600342,79.41500092,79.56400299,79.58699799,79.94400024,79.39099884,79.03299713,78.77899933,78.8259964,78.87200165,78.93299866
Palau,,,,,,,,,,,,,,,,,,,,,,,,,,,,
Papua New Guinea,74.09400177,73.44100189,72.44400024,71.08200073,70.85399628,71.5759964,71.18000031,71.95800018,72.70899963,72.89900208,73.51399994,73.87599945,74.23999786,74.38200378,74.45999908,74.44000244,74.47899628,74.09300232,73.73100281,73.45600128,72.93599701,72.28700256,71.70500183,71.35500336,70.96399689,71.04699707,71.13200378,71.23799896
Poland,72.26499939,71.06700134,69.91500092,69.23000336,67.71199799,66.55599976,65.76699829,65.29399872,64.63300323,63.18600082,63.30699921,63.05500031,62.14799881,61.88600159,61.98199844,62.45999908,62.20700073,62.18199921,63.02500153,63.7879982,64.30799866,64.55000305,64.8239975,64.98799896,65.34500122,65.26000214,65.10099792,64.91600037
Pre-demographic dividend,79.58485919,79.27929501,78.95579114,78.59012654,78.32540816,78.0266731,77.68202669,77.35113776,77.0386285,76.74957713,76.42375584,76.09822144,75.78329263,75.41574527,75.0174137,75.02876884,75.07592892,75.08512715,75.1045345,75.15661659,75.18397863,75.13843825,75.12356416,75.19619579,75.2032681,75.28213643,75.35571516,75.42176664
Puerto Rico,60.31299973,61.68999863,60.91799927,61.72000122,61.0320015,60.31700134,61.6609993,62.52199936,62.60100174,60.55599976,59.52500153,59.65299988,59.75799942,60.0929985,60.37900162,60.99100113,59.79399872,58.70999908,57.00699997,56.84700012,53.68899918,51.99700165,51.75999832,51.56900024,51.42599869,51.47100067,51.55799866,51.6570015
"Korea, Dem. Peoples Rep.",91.23600006,91.27600098,91.31099701,91.38500214,91.38500214,91.31700134,91.23899841,91.06099701,90.98600006,90.73899841,90.44200134,90.19799805,89.85399628,89.50099945,89,88.63200378,88.18499756,87.73200226,87.48100281,87.39499664,86.94000244,86.51100159,86.27799988,86.03399658,85.8690033,85.87599945,85.86499786,85.88300323
Portugal,72.26699829,72.20700073,69.88500214,68.90899658,68.7480011,67.8730011,68.07800293,68.55500031,69.67700195,69.47499847,69.71800232,70.14600372,70.35900116,69.86299896,69.42299652,69.27400208,69.41799927,69.1309967,68.82800293,67.40000153,66.79000092,66.73699951,65.92199707,64.81800079,64.39499664,64.16500092,63.95100021,63.73899841
Paraguay,90.86000061,90.84100342,90.78199768,90.77899933,90.78199768,90.80599976,89.75099945,88.58399963,87.2460022,87.29100037,86.69599915,86.09899902,85.9980011,85.92099762,85.82800293,85.70899963,85.59400177,85.47799683,85.80599976,86.29699707,84.63700104,84.62000275,84.53700256,84.56600189,84.52600098,84.55999756,84.61199951,84.67700195
West Bank and Gaza,70.62799835,71.32800293,70.3710022,69.95700073,69.84400177,69.6740036,69.50299835,68.13400269,66.48699951,65.37400055,66.28900146,66.90699768,65.3809967,65.96900177,66.47799683,66.75700378,67,68.05599976,68.97100067,66.46199799,66.21900177,67.94799805,68.30799866,68.61299896,68.83999634,69.11299896,69.40399933,69.71199799
Pacific island small states,80.27200099,79.96042615,79.50953411,79.07106805,78.55904315,78.03869706,77.55583528,77.14858444,76.69528561,76.24855191,75.91282904,75.72448481,75.50218244,75.19135546,74.83124575,74.38079873,73.80965843,73.18914521,72.93529922,72.81298465,72.54053104,72.22412824,72.1592346,72.07151575,71.95470612,71.92484808,71.91917879,71.9228366
Post-demographic dividend,72.56972597,72.45261934,72.053573,71.64720076,71.36252262,71.1691075,71.09996511,70.98493403,70.80971364,70.59466473,70.42159886,69.95907298,69.71350282,69.36119778,69.20331315,69.23195457,69.24360289,69.24710676,69.15675019,68.58474901,68.11426335,67.79183444,67.74284899,67.50724248,67.29990617,67.15822946,67.01095299,66.86220859
French Polynesia,72.75299835,72.22000122,71.69200134,71.16400146,70.62599945,70.0759964,69.58999634,69.67900085,69.63999939,69.43699646,69.06700134,68.56500244,68.02999878,67.16300201,66.40100098,65.78099823,65.22799683,64.72799683,64.50700378,64.43299866,64.06199646,63.73899841,63.57099915,63.46300125,63.27399826,63.22399902,63.12599945,62.97100067
Qatar,94.03099823,93.75,93.54000092,93.93699646,94.4960022,95.07800293,94.77799988,93.77500153,92.97200012,92.40200043,91.91200256,91.64900208,91.84700012,92.56400299,93.18299866,94.0759964,92.52700043,92.59700012,93.48400116,94.69000244,95.72200012,94.73000336,93.90599823,94.03199768,93.98000336,94.21099854,93.81199646,93.62999725
Romania,67.07099915,67.62400055,67.89299774,69.01499939,70.38500214,71.98200226,71.7559967,72.89800262,72.07499695,71.78600311,71.07299805,69.56600189,64.35700226,64.2009964,63.60200119,62.13100052,63.22900009,63.47999954,63.72100067,63.56900024,63.63700104,62.56299973,63.40999985,63.54299927,65.10399628,64.91400146,64.70300293,64.47699738
Russian Federation,76.31400299,75.43299866,74.50299835,72.47200012,70.16500092,69.83699799,68.34899902,66.32099915,65.09500122,68.5530014,68.34100342,66.96099854,67.02899933,67.73000336,68.22100067,68.56999969,68.6780014,69.88600159,70.74199677,70.58100128,70.74900055,71.1269989,71.28800201,71.47599792,71.58300018,71.68399811,71.54000092,71.26999664
Rwanda,88.96199799,88.87200165,88.77200317,88.66400146,88.55200195,88.44200134,88.23200226,87.62400055,86.93900299,86.15699768,85.26300049,84.30500031,83.72299957,83.13899994,82.68000031,82.49199677,82.66100311,83.04799652,83.50800323,83.85199738,83.99700165,83.9509964,83.74199677,83.41799927,83.07800293,83.19300079,83.27600098,83.31700134
South Asia,85.31596968,85.08593682,84.8862724,84.60305745,84.45180269,84.1918575,83.96441242,83.73822248,83.47397549,83.27178397,83.0354404,83.0343524,83.04581683,83.09941449,83.14130854,83.26815478,82.90083496,82.38382864,81.90282572,81.46113166,81.00630057,80.60390091,80.16538704,79.93454209,79.70825621,79.72988127,79.73599889,79.74106229
Saudi Arabia,79.19599915,79.37799835,79.69400024,79.09500122,78.38200378,77.53299713,76.21499634,75.26499939,74.74099731,74.60900116,77.31199646,76.72899628,76.25800323,75.8809967,75.57499695,75.34999847,74.70500183,74.84600067,74.88999939,74.96399689,75.81199646,76.41500092,77.51100159,78.69000244,78.84799957,79.12599945,78.80999756,78.48200226
Sudan,78.11100006,76.96299744,75.76699829,74.52400208,75.07800293,75.10700226,74.79000092,74.67299652,74.56600189,74.46800232,74.37799835,74.28700256,74.19999695,74.10700226,73.9960022,73.85900116,73.69599915,73.51000214,73.30400085,73.08499908,72.90100098,72.73100281,72.55200195,72.34700012,72.13700104,72.16200256,72.18000031,72.1989975
Senegal,86.36599731,85.56199646,84.72699738,83.86299896,82.97499847,82.06700134,81.1190033,80.13899994,79.1210022,78.05999756,76.95600128,75.86599731,74.73799896,73.5739975,72.37799835,71.15299988,69.91799927,69.84200287,69.76699829,69.69300079,69.6190033,69.5739975,69.71700287,69.84799957,69.95700073,70.16200256,70.35299683,70.52799988
Singapore,79.25,80.68199921,80.68499756,80.33300018,80.5039978,78.87200165,80.02300262,79.1269989,78.44400024,78.61799622,78.37400055,77.97200012,77.28399658,76.63300323,76.125,76.70600128,77.41699982,77.66600037,77.27999878,77.64800262,77.49199677,77.30200195,77.58300018,76.82499695,76.65200043,76.43499756,76.24299622,76.05500031
Solomon Islands,72.03199768,71.90200043,71.64299774,71.6780014,71.60800171,71.60600281,71.82299805,72.18099976,72.45400238,72.79199982,73.56400299,74.06800079,74.36100006,74.34799957,74.33399963,74.25800323,74.2480011,74.18399811,74.09300232,74.32800293,74.16799927,73.85099792,73.68699646,73.57900238,73.56700134,73.51899719,73.51100159,73.52600098
Sierra Leone,68.70999908,68.35900116,67.84700012,67.44100189,67.01799774,66.58100128,66.22399902,65.85700226,65.57099915,65.3030014,65.1230011,64.90699768,64.89199829,64.83599854,66.49299622,66.71299744,66.9469986,67.19799805,67.4509964,67.69000244,67.90599823,68.05000305,68.19000244,68.32299805,68.45400238,68.55999756,68.65799713,68.75800323
El Salvador,83.9509964,83.8809967,83.81800079,83.55699921,83.72299957,83.6289978,81.90699768,81.45600128,81.50700378,80.3789978,79.5059967,78.60299683,77.65799713,79.31600189,78.29699707,78.52600098,78.73999786,79.48600006,80.00499725,79.20200348,78.93199921,79.27799988,79.6269989,79.20600128,79.09899902,79.15899658,79.2990036,79.47399902
San Marino,,,,,,,,,,,,,,,,,,,,,,,,,,,,
Somalia,77.32099915,77.25299835,77.29299927,77.30400085,77.30999756,77.33300018,77.3030014,77.28299713,77.26100159,77.21800232,77.16699982,77.09799957,77.01699829,76.92700195,76.87000275,76.79299927,76.70200348,76.61799622,76.53299713,76.43599701,76.31999969,76.22799683,76.12400055,76.00900269,75.92099762,75.89600372,75.8809967,75.89399719
Serbia,67.25499725,67.48699951,67.19100189,66.91699982,66.6760025,66.47200012,66.25099945,66.05999756,65.8809967,65.69000244,65.46800232,65.23400116,64.99900055,64.76599884,64.54299927,63.86199951,62.95399857,62.6969986,62.40200043,60.25299835,59.09600067,59.23099899,59.61600113,60.3769989,60.16600037,60.0929985,60.00299835,59.9469986
Sub-Saharan Africa (excluding high income),79.72573176,79.44349301,79.1412983,78.82975795,78.59921919,78.34242107,78.04312611,77.75164238,77.47090256,77.21454695,77.01935045,76.7572206,76.52658094,76.13337945,75.67805735,75.70921707,75.72262516,75.71446543,75.90282969,75.82554768,75.75020864,75.69117559,75.73823817,75.84189064,75.82822444,75.94536007,76.05550797,76.16789028
South Sudan,,,,,,,,,,,,,,,,,,,,,,,,,,,,
Sub-Saharan Africa,79.72573176,79.44349301,79.1412983,78.82975795,78.59921919,78.34242107,78.04312611,77.75164238,77.47090256,77.21454695,77.01935045,76.7572206,76.52658094,76.13337945,75.67805735,75.70921707,75.72262516,75.71446543,75.90282969,75.82554768,75.75020864,75.69117559,75.73823817,75.84189064,75.82822444,75.94536007,76.05550797,76.16789028
Small states,78.670107,77.91036534,77.86817604,77.85415224,77.65157535,77.45215687,77.06849613,76.70382762,76.48577966,76.20614832,76.08890795,75.93104331,75.57851384,75.58278369,75.49408815,75.4560421,75.48391419,75.61878456,75.72875534,75.5902153,75.51407024,75.34316996,75.18157812,75.46964064,75.52555225,75.72129491,75.81434058,75.9314218
Sao Tome and Principe,76.65499878,75.91000366,75.51899719,75.03900146,74.59400177,74.24099731,74.02200317,73.94200134,73.98100281,74.01200104,73.92199707,73.72499847,73.40000153,73.06700134,72.8710022,72.90200043,73.19400024,73.65200043,74.22100067,74.7480011,75.17199707,75.55000305,75.83799744,76.02799988,76.1210022,76.19000244,76.23200226,76.22100067
Suriname,71.84999847,70.49700165,69.14399719,68.94400024,66.9940033,67.20300293,67.38700104,67.21600342,66.77700043,66.1210022,66.48799896,66.49700165,66.55200195,66.68000031,66.90100098,67.22299957,67.47100067,67.75900269,68.0490036,68.28600311,68.44100189,68.56700134,68.6230011,68.63200378,68.63700104,68.6309967,68.60199738,68.59100342
Slovak Republic,73.02400208,72.96900177,71.38800049,69.79199982,69.12999725,68.88400269,68.65299988,68.05799866,68.1780014,68.18499756,68.10399628,68.74500275,68.38300323,68.62599945,68.4940033,68.46199799,68.13800049,67.67099762,68.27999878,68.10500336,67.82499695,68.16799927,68.44200134,68.26399994,68.39299774,68.32099915,68.15799713,67.95999908
Slovenia,60.33300018,60.08499908,59.8219986,59.45700073,65.89800262,66.30500031,64.41899872,64.5719986,65.99900055,64.84799957,63.93500137,64.55799866,64.23300171,63.49300003,65.98799896,65.97699738,65.66999817,66.375,65.61699677,65.58200073,65.52500153,64.01200104,63.36600113,63.34500122,63.29899979,62.95500183,62.59799957,62.22100067
Sweden,71.21600342,70.91500092,69.36499786,67.84700012,67.33799744,67.56500244,67.49099731,66.80799866,66.61699677,66.76100159,67.88200378,67.48000336,67.39099884,67.41300201,66.7480011,68.14499664,68.39099884,68.15899658,68.22100067,67.6230011,68.11499786,68.0490036,68.06099701,68.41899872,68.2990036,68.23999786,68.13800049,68.03700256
Swaziland,70.48699951,70.62400055,70.76499939,70.81600189,70.68699646,70.36000061,69.81199646,69.12400055,68.34500122,67.55599976,66.80200195,66.22599792,65.69100189,65.18699646,64.71499634,64.27300262,63.7480011,63.31600189,62.98699951,62.77500153,62.70100021,62.76699829,62.96500015,63.25600052,63.5890007,64.15399933,64.66200256,65.13600159
Sint Maarten (Dutch part),,,,,,,,,,,,,,,,,,,,,,,,,,,,
Seychelles,,,,,,,,,,,,,,,,,,,,,,,,,,,,
Syrian Arab Republic,81.2009964,81.39900208,81.58499908,81.76000214,81.9280014,82.09300232,82.0530014,81.85099792,81.51000214,81.04199982,80.55999756,84.3690033,81.3789978,78.16899872,77.12599945,76.09999847,75.33799744,74.24900055,74.02200317,72.59700012,72.74199677,72.75700378,72.49500275,72.16000366,71.61100006,70.84700012,70.82700348,70.87000275
Turks and Caicos Islands,,,,,,,,,,,,,,,,,,,,,,,,,,,,
Chad,80.74199677,80.76100159,80.75700378,80.29599762,80.19499969,80.10199738,80.01300049,79.92900085,79.85099792,79.78099823,79.71900177,79.65799713,79.60099792,79.5490036,79.5,79.45400238,79.41300201,79.3730011,79.33499908,79.3030014,79.27899933,79.26399994,79.2539978,79.25099945,79.2559967,79.2559967,79.26100159,79.27200317
East Asia & Pacific (IDA & IBRD countries),84.31864408,84.28957161,84.28329854,84.26316175,84.19181897,84.25715333,84.23879218,83.92619399,83.52586197,83.56215046,83.24034198,82.83243176,82.21537929,81.69099263,81.15584209,80.55785404,80.10240489,79.72807969,79.41902999,79.20901088,78.90640376,78.98177599,79.0135624,79.02824902,78.98886116,79.02327644,78.97829288,78.86574986
Europe & Central Asia (IDA & IBRD countries),74.05211432,73.50707382,72.91549657,71.89909313,70.96706818,70.61656362,69.80252708,68.85434267,68.13737122,68.91218621,68.36844955,67.55656031,66.91952606,66.8764209,67.14458022,67.4556994,67.47314152,67.96753446,68.58496922,68.66433565,68.86953016,69.21638113,69.30555756,69.44586289,69.83238872,69.94555177,69.9353587,69.86813783
Togo,84.41500092,84.13400269,83.83200073,83.50900269,83.16999817,82.81999969,82.53800201,82.26200104,81.98999786,81.72499847,81.46800232,81.23400116,81.01000214,80.79699707,80.59600067,80.40799713,80.22599792,80.20500183,80.21299744,80.24700165,80.29799652,80.36100006,80.43599701,80.50099945,80.53600311,80.6269989,80.69599915,80.74900055
Thailand,87.28700256,86.34200287,85.36599731,84.36199951,83.33799744,82.73799896,82.31999969,82.09200287,81.56700134,80.46800232,80.84899902,81.55500031,81.33200073,81.1230011,81.84600067,81.40399933,81.29399872,81.86399841,81.66500092,81.52300262,81,81.32499695,81.17500305,80.49500275,80.33799744,80.18199921,80.0059967,79.81199646
Tajikistan,75.64099884,75.64399719,75.6740036,75.70500183,75.70200348,75.64900208,75.53399658,75.39499664,75.23799896,75.07299805,74.91300201,74.77899933,74.65299988,74.57299805,74.58999634,74.72599792,74.9280014,75.22799683,75.58499908,75.94999695,76.28900146,76.59300232,76.86399841,77.09799957,77.30899811,77.51399994,77.73200226,77.94799805
Turkmenistan,74.83699799,74.84100342,74.77500153,74.55799866,74.03399658,73.73100281,73.37799835,72.76999664,72.97200012,73.49099731,73.95300293,74.2990036,74.45600128,74.58000183,74.68900299,74.79000092,74.90899658,75.05500031,75.23300171,75.46299744,75.73400116,76.07499695,76.48400116,76.90899658,77.27200317,77.55000305,77.68699646,77.72599792
Latin America & the Caribbean (IDA & IBRD countries),82.74003407,82.92139421,83.16333402,83.16538998,82.99631682,82.68352678,82.02003297,82.28955766,82.20088504,81.9907203,81.46046343,81.16756182,80.98443354,80.5984926,80.87488425,80.82896918,80.7937651,80.49989535,80.58988955,80.2372377,80.05874514,79.44865417,79.47926405,78.9431195,78.84148369,78.81175876,78.77584498,78.73359371
Timor-Leste,84.38500214,84.35099792,84.4240036,84.53600311,84.37999725,84.02700043,83.44000244,82.65000153,82.26799774,80.8730011,78.14499664,76.3010025,73.8690033,71.43499756,68.90200043,66.24500275,63.91699982,61.63299942,59.41400146,57.2820015,55.26699829,55.31600189,55.39199829,55.48199844,55.57500076,55.51800156,55.57300186,55.61899948
Middle East & North Africa (IDA & IBRD countries),76.57200468,76.5100425,75.41070962,75.66571516,75.61964365,75.13692357,74.61788333,74.31810364,73.90295375,74.24509477,73.77834616,73.46434338,73.16018318,73.2543033,73.49406446,73.66224215,72.67348167,72.38775348,71.99974559,72.09436399,72.16076319,72.29507933,72.31704728,72.64223623,72.80182931,72.95272595,73.09237337,73.18511552
Tonga,75.48300171,75.5490036,75.58499908,75.51899719,75.26100159,75.04799652,74.78399658,74.38899994,73.93900299,73.53600311,73.25499725,73.5530014,73.97100067,74.4280014,74.85199738,74.99500275,75.35399628,75.78199768,75.73500061,75.48400116,75.21299744,74.91799927,74.75299835,74.59500122,74.27799988,74.05000305,73.98600006,73.94300079
South Asia (IDA & IBRD),85.31596968,85.08593682,84.8862724,84.60305745,84.45180269,84.1918575,83.96441242,83.73822248,83.47397549,83.27178397,83.0354404,83.0343524,83.04581683,83.09941449,83.14130854,83.26815478,82.90083496,82.38382864,81.90282572,81.46113166,81.00630057,80.60390091,80.16538704,79.93454209,79.70825621,79.72988127,79.73599889,79.74106229
Sub-Saharan Africa (IDA & IBRD countries),79.72573176,79.44349301,79.1412983,78.82975795,78.59921919,78.34242107,78.04312611,77.75164238,77.47090256,77.21454695,77.01935045,76.7572206,76.52658094,76.13337945,75.67805735,75.70921707,75.72262516,75.71446543,75.90282969,75.82554768,75.75020864,75.69117559,75.73823817,75.84189064,75.82822444,75.94536007,76.05550797,76.16789028
Trinidad and Tobago,76.26699829,66.61000061,70.84799957,73.72799683,75.07900238,75.89399719,75.4960022,75.88800049,76.23200226,76.07700348,76.27400208,75.7539978,75.33000183,75.64099884,75.93399811,76.18099976,75.93699646,76.69400024,75.84700012,75.71199799,75.37999725,74.9489975,74.47399902,73.93399811,73.68000031,73.56999969,73.40200043,73.17299652
Tunisia,75.96700287,75.67199707,75.33999634,74.96900177,74.5719986,74.15699768,73.84200287,73.52400208,72.88500214,72.22899628,71.55599976,70.88800049,70.18599701,69.45800018,68.71600342,67.96099854,68.30599976,68.67099762,69.03600311,69.37400055,69.66799927,70.4940033,71.25,71.28800201,71.2440033,71.29499817,71.29199982,71.25800323
Turkey,80.77899933,80.1309967,79.57299805,77.85800171,78.25900269,77.43399811,76.8789978,76.10700226,75.95999908,74.96399689,72.65899658,71.70500183,70.28700256,68.99900055,70.01499939,70.27100372,69.56900024,69.51399994,69.98999786,70.46700287,70.72000122,71.47399902,70.76499939,70.62400055,71.47699738,71.44100189,71.39800262,71.35099792
Tuvalu,,,,,,,,,,,,,,,,,,,,,,,,,,,,
Tanzania,91.64199829,91.54499817,91.43599701,91.32900238,91.22799683,91.14399719,91.05599976,90.97599792,90.90799713,90.85600281,90.81700134,90.80200195,90.83499908,90.81300354,90.72899628,90.58000183,90.36599731,89.4509964,88.41899872,87.26200104,85.97899628,84.56999969,84.15699768,83.3710022,83.35099792,83.29100037,83.23600006,83.17900085
Uganda,81.98100281,81.9980011,82.01699829,82.06099701,82.10199738,82.15899658,82.19400024,82.20899963,82.22399902,82.25,82.26899719,82.32299805,82.38500214,81.78099823,80.91600037,79.70800018,81.03199768,82.24900055,83.3690033,84.40200043,85.35600281,86.23100281,87.03600311,87.77899933,87.64299774,87.66699982,87.69000244,87.70800018
Ukraine,70.96700287,70.48799896,70.09700012,69.76899719,69.46800232,68.98200226,68.27400208,67.46600342,66.64199829,65.8690033,65.15899658,64.42500305,64.13600159,64.01599884,64.04699707,65.5739975,65.51300049,65.5059967,65.56199646,65.65699768,65.93000031,66.62400055,66.77300262,67.00800323,67.22499847,67.3789978,67.43599701,67.49099731
Upper middle income,82.5131994,82.42036914,82.33228766,82.10478992,81.86509608,81.68738627,81.32086224,81.08196087,80.77243584,80.67980309,80.25805142,79.69632303,79.12801328,78.55938179,78.22233542,77.85744052,77.48991212,77.23323214,77.0849519,76.775694,76.4666741,76.39968882,76.44392688,76.4303485,76.47103596,76.51294014,76.47593595,76.37419051
Uruguay,77.52600098,77.55799866,77.54100037,76.5039978,77.40399933,78.07700348,77.45700073,76.87799835,76.3239975,76.05599976,75.76200104,76.59100342,75.33499908,73.9960022,74.0759964,74.13300323,76.90100098,76.45500183,76.6740036,76.89700317,76.73100281,77.26699829,76.66899872,76.39299774,76.30899811,76.32299805,76.30799866,76.29299927
United States,75.3030014,74.62799835,74.6780014,74.36299896,74.11499786,74.14800262,74.16999817,74.25700378,74.26499939,74.21700287,74.17700195,73.63500214,73.1289978,72.45600128,72.21499634,72.18199921,72.34600067,72.10199738,71.88300323,70.86499786,70.01899719,69.41300201,69.38700104,69.00299835,68.54299927,68.42500305,68.28399658,68.1190033
Uzbekistan,73.20899963,73.17900085,72.65000153,72.44200134,72.04199982,71.81500244,71.69999695,71.7460022,71.74099731,71.72899628,71.70500183,71.68599701,71.65000153,71.64499664,71.84200287,72.09500122,72.45400238,72.93699646,73.43699646,73.9280014,74.43399811,74.79699707,75.17199707,75.54000092,75.87400055,76.17299652,76.40499878,76.59700012
St. Vincent and the Grenadines,80.78600311,80.8769989,80.19499969,80.29699707,80.73799896,80.71199799,80.75,79.57299805,79.19599915,78.88999939,79.11299896,79.16400146,78.77600098,78.27200317,78.09100342,78.04000092,77.5039978,77.33499908,77.28900146,77.5490036,77.90499878,77.94999695,77.81600189,77.60399628,77.36699677,77.1760025,77.02400208,76.85299683
"Venezuela, RB",80.5739975,81.39299774,80.93299866,79.67299652,81.09100342,82.20800018,82.66300201,82.89600372,83.40799713,83.61199951,82.40899658,82.73699951,83.63600159,82.94999695,82.23799896,81.50499725,80.76100159,80.04000092,80.0530014,79.4260025,79.31700134,78.94599915,78.21499634,78.29699707,78.40399933,78.39800262,78.375,78.33499908
British Virgin Islands,,,,,,,,,,,,,,,,,,,,,,,,,,,,
Virgin Islands (U.S.),79.52300262,79.59700012,79.72699738,79.875,79.98100281,79.9960022,79.9280014,79.73300171,79.4240036,79.01399994,77.2990036,76.98899841,76.75499725,76.5759964,76.38200378,76.13899994,75.79299927,75.36499786,74.8789978,74.375,73.86100006,73.26899719,72.73500061,72.2480011,71.78500366,71.33899689,70.98200226,70.66600037
Vietnam,84.33000183,84.2559967,84.06500244,83.89600372,83.67900085,83.41300201,83.14099884,82.91100311,82.78800201,82.71399689,82.54000092,82.41500092,82.28500366,82.1289978,81.94400024,81.75900269,81.58399963,81.39299774,81.28399658,81.22599792,81.59999847,81.9940033,82.44200134,82.89900208,82.97599792,83.16400146,83.25499725,83.26300049
Vanuatu,88.12799835,87.76300049,87.38899994,87.0039978,86.60800171,86.1969986,85.72699738,85.24900055,84.76699829,84.29799652,83.84600067,83.40200043,82.97799683,82.56300354,82.13999939,81.69999695,81.27100372,80.91000366,80.6289978,80.37799835,80.65799713,80.71900177,80.68699646,80.63899994,80.55500031,80.52200317,80.45500183,80.44999695
World,80.58096921,80.47582038,80.28403886,80.06401258,79.87318773,79.73732235,79.5371679,79.3101868,79.02352842,79.01281562,78.75021813,78.4387553,78.13337602,77.87591487,77.72303095,77.60981686,77.36160665,77.14429504,76.99038324,76.71701148,76.45832734,76.32806599,76.26261899,76.18199134,76.11560365,76.14610628,76.13324893,76.09710059
Samoa,76.70500183,77.5059967,77.5019989,77.29799652,76.86699677,76.26699829,76.13200378,75.91999817,75.53399658,74.94100189,74.1780014,73.48799896,72.70800018,71.75700378,70.59700012,69.22799683,67.78099823,66.17700195,64.40599823,62.49599838,60.4679985,58.2859993,58.15200043,58.1590004,57.98500061,58.00899887,58.12200165,58.24900055
Kosovo,,,,,,,,,,,,,,,,,,,,,,,,,,,,
"Yemen, Rep.",73.7440033,74.34700012,74.2539978,74.34200287,74.46499634,73.88700104,73.24700165,72.66300201,72.1190033,71.59500122,71.51000214,71.41100311,71.36599731,71.37599945,71.34999847,71.25299835,71.27200317,71.29699707,71.33499908,71.43000031,71.40399933,71.68699646,72.02899933,72.40399933,72.77700043,73.11599731,73.43499756,73.73799896
South Africa,68.48400116,68.09200287,67.6740036,67.27999878,66.90299988,66.52500153,66.07900238,65.63700104,65.23500061,64.88700104,64.63899994,64.20999908,64.14399719,62.64500046,60.73899841,61.53900146,61.73199844,61.15200043,63.04299927,61.04999924,59.39300156,58.7480011,59.27999878,59.58000183,59.77899933,60.22399902,60.62400055,61.10599899
Zambia,84.97799683,84.77200317,84.56999969,84.40899658,84.25499725,84.17900085,84.16000366,84.18399811,84.25,84.3730011,84.53700256,84.73100281,84.94300079,85.16500092,85.37599945,85.56199646,83.6210022,81.54599762,79.35399628,79.65799713,79.76000214,80.4260025,80.8730011,80.8809967,80.87000275,80.88700104,80.89499664,80.88999939
Zimbabwe,79.48600006,79.80500031,80.04100037,80.20300293,80.30799866,80.3730011,80.32499695,80.24099731,79.62000275,78.84100342,81.36100006,83.89700317,86.31400299,88.52799988,90.48400116,90.16500092,89.90299988,89.6269989,89.33599854,89.02700043,88.69999695,88.42099762,88.06300354,87.63700104,87.23300171,87.30899811,87.39299774,87.45899963
