country,1990,1991,1992,1993,1994,1995,1996,1997,1998,1999,2000,2001,2002,2003,2004,2005,2006,2007,2008,2009,2010,2011,2012,2013,2014,2015,2016
Aruba,,,,,,,,,,,,,,,,,,,,,,,,,,,
Afghanistan,19.51781194,19.39465893,19.27377484,19.1183975,18.95341718,18.83024994,18.56354244,18.32570003,18.15228016,18.05208212,17.89393596,18.09632475,18.39353478,18.74005499,19.10560298,19.48514099,19.31285577,19.20675965,19.20811283,19.35614294,19.67099803,20.19588276,20.88238297,21.70009567,22.5977968,22.7757451,22.96033129
Angola,81.59839933,81.95888899,83.09903123,86.66129637,86.64323782,85.89193404,85.03191592,84.49989423,84.07165845,84.01896274,83.98398508,83.87926893,82.63953086,82.50568946,81.63931023,79.91466059,78.25557216,76.44747095,75.50683772,76.08919994,76.65559951,76.88438774,77.10678656,77.30397152,77.65771429,77.6243834,77.58596292
Albania,71.18560147,72.52070018,72.77755714,72.31431708,71.99753354,71.62351997,71.12712179,71.27230386,70.71883244,70.29497929,69.99633155,69.81064553,69.74533835,69.6088483,69.50125106,69.42275276,69.49656107,69.5815027,69.63537696,69.62004323,69.37700157,68.70454898,68.01056308,67.32326423,66.67491057,66.47928674,66.24831789
Andorra,,,,,,,,,,,,,,,,,,,,,,,,,,,
ArabWorld,28.17806815,26.93260463,27.17181592,26.93618279,27.53792237,27.8072978,28.05755909,28.02963283,28.12522827,28.38770936,28.29693844,28.08575072,27.71975327,28.31458894,28.65463216,28.88615642,29.37717411,30.23102146,30.36083624,30.32180257,30.58917251,30.65343726,30.95130759,31.31095031,31.29024107,31.42426573,31.54670855
UnitedArabEmirates,27.35651522,28.53611126,29.80696308,31.14840176,32.53759265,33.92371474,34.53858002,35.14573391,35.73682266,36.31102961,36.85611429,37.69224899,38.48280001,39.24013866,39.96024812,40.63835822,42.22943276,43.73771759,45.26408763,45.73791902,46.50355224,46.4937444,46.3972795,46.14365857,45.80958372,45.76411679,45.89838162
Argentina,51.92801775,51.72818864,51.89981243,52.52910061,53.14692385,54.18877372,54.74120954,55.32833244,55.9502725,56.60294102,57.28183926,58.53985254,59.78669725,61.01697308,63.91071011,63.71758753,63.5249575,64.06078512,64.61585564,65.47871447,62.80377199,63.19924291,62.85258615,64.32433597,64.84115804,64.97556008,65.15308705
Armenia,70.68701029,71.12366103,74.12840463,74.5967877,74.05539252,73.57939948,73.4062651,73.48140318,73.44433468,73.67461165,73.80984602,73.61466788,73.29985169,72.86338911,72.397751,71.74318332,71.06810518,70.36496145,69.82787061,72.81086422,70.47646313,74.19724037,74.48393659,75.11317051,74.79072448,74.60449267,74.57872313
AmericanSamoa,,,,,,,,,,,,,,,,,,,,,,,,,,,
AntiguaandBarbuda,,,,,,,,,,,,,,,,,,,,,,,,,,,
Australia,69.02580106,69.53720521,69.90794249,70.22585526,71.37590318,72.59617509,72.90356816,73.30885262,73.80215082,74.26453551,75.50045829,76.48469436,76.89027479,78.11632328,77.82151645,78.99243245,79.6890979,80.17189572,80.70122551,81.25657263,80.98490712,81.63090171,81.94949401,82.16525455,82.57215541,82.58625952,82.57381646
Austria,61.93555666,62.47925959,64.24957957,65.17307948,68.32263529,68.34333269,68.53076865,69.25799442,69.61247818,69.95853602,70.31080343,71.55397922,73.05199629,73.90256197,75.2269098,76.10346602,76.91671836,76.72923821,77.99734383,79.58910922,79.62689073,79.98255117,80.71590604,81.79129357,82.74662024,82.88981352,82.99960951
Azerbaijan,76.10708049,76.15583088,76.31290305,76.88716822,77.76733289,78.54023632,78.65299279,78.64842934,78.59501066,78.72598225,81.01839012,83.15913371,85.23979346,87.26431511,89.24987203,91.2432002,93.29221126,95.40031211,90.02159533,90.24547882,91.69140057,90.97708459,90.58494926,90.4731063,90.6489548,90.53877902,90.36184453
Burundi,100.3670301,100.4268451,100.5190935,100.6401668,100.7852653,100.9484529,100.9856289,101.0289943,101.0729005,101.1865104,101.3814352,101.6380634,101.9162908,102.2352349,102.486205,102.7020737,102.8095118,102.8825726,102.9182013,102.9210042,102.8850083,102.8120678,102.7122502,102.5930361,102.4789643,102.391664,102.3131827
Belgium,59.84837279,61.85242443,63.44886561,65.1950141,65.50599933,66.05749426,66.42133212,67.48798603,68.51762712,70.45941512,70.93926772,69.23038806,71.07823388,72.23594809,73.46119242,74.52151761,75.40466576,76.30693044,77.24211679,77.88947543,78.60927309,78.91903818,78.97700799,80.13411235,81.21111957,81.35547415,81.55983883
Benin,64.02216521,64.11130936,64.31778424,65.86867777,67.47003322,69.12769648,70.86828902,72.6865381,74.58787352,76.57623874,78.65656877,80.81904373,83.07343423,84.58619449,86.06160793,87.48928834,88.88102417,90.21947325,91.50680261,92.76213545,93.98025613,94.37270371,94.67509523,94.99278533,95.35127344,95.33774139,95.3239731
BurkinaFaso,83.97633731,84.38061139,84.48452044,84.51492475,84.63156428,84.61776044,84.43516322,84.40507978,84.35145568,84.29336718,84.39936541,84.33463938,84.31264875,84.21377043,84.22447395,84.12303856,84.06827462,84.12700023,84.13614436,84.25351237,84.24344948,84.3515971,84.32566143,84.40906801,84.50357737,84.53596449,84.55627515
Bangladesh,69.82502007,70.04171273,68.60259737,67.17012769,65.74721511,64.33484245,62.95365821,62.9192922,62.92091069,62.961591,63.0521206,61.94123702,60.79765611,59.62129459,58.41786109,57.1966914,55.94260431,54.68723762,53.44063495,52.21207696,51.01178205,51.43118485,51.88708852,52.44385349,53.20298515,53.26187436,53.29302729
Bulgaria,87.47551773,88.10758476,88.75257889,87.94052067,86.99787137,85.89871861,84.75587828,83.46965436,82.10611371,80.62815742,79.04833472,82.21494312,82.29453878,80.12594363,80.48780488,79.07992286,80.40896407,80.11630674,78.76044693,78.63778315,79.85553364,80.99734016,81.42533709,81.43360512,80.98790911,80.82301054,80.76807994
Bahrain,31.81145715,33.09090162,33.829567,34.58701109,35.35995676,36.12438451,36.96010032,37.77710684,38.6184545,39.50591486,40.42880998,41.59217411,41.99566566,42.36906449,42.70358712,42.81435704,44.07744315,45.11239231,46.02357298,46.84336055,47.47990727,47.31951534,47.04860268,46.64323619,46.17189454,45.90277117,45.72701953
"Bahamas,The",81.62075842,81.81354568,82.07488264,82.37966444,82.72019664,83.62567732,84.85914165,86.51032763,88.71952466,88.30301755,87.9710442,87.67049146,87.43360813,87.24648028,87.10643855,87.00475506,86.9979746,87.02048423,87.07925552,87.17017619,87.64322925,87.70035316,87.80706394,87.82136373,87.74875931,87.73519194,87.72216235
BosniaandHerzegovina,54.38632831,54.01247717,53.7516561,53.63939343,53.62557925,53.97824275,54.74075198,54.88379853,54.9164946,54.91888166,54.8849034,54.85629912,54.79259535,54.69904492,54.57717221,54.44867188,54.26118747,52.95590798,54.34990827,55.90596043,58.07014831,59.22911589,58.49214964,59.21499156,59.19572694,59.3368174,59.51647273
Belarus,80.11497522,79.8792222,79.62013837,79.3743684,79.2181619,79.19922022,79.39193826,79.71186583,80.10313824,80.46468355,80.68545013,80.8890162,80.9686534,80.95058187,80.8774558,80.76952426,80.74969913,80.67956497,80.57357666,80.42592421,80.60030321,80.7703732,80.6448274,80.41925785,80.21566498,79.89768463,79.76021952
Belize,44.241431,44.07331228,44.09692176,44.02861002,43.84210323,43.91467698,44.26804939,45.53148322,46.78685558,48.03940618,49.29711747,50.58364478,51.88541939,53.19846078,54.51768044,55.83864885,57.18026161,58.54470411,59.93184918,61.34466606,62.77822666,64.17835135,65.55894572,66.31967459,67.11841678,67.28718285,67.45752842
Bermuda,,,,,,,,,,,,,,,,,,,,,,,,,,,
Bolivia,60.55066636,61.79401291,63.04044749,64.28945224,65.53998727,66.78767002,69.56580242,72.29857416,72.40015874,72.55072746,72.75579948,73.12437754,73.49038997,73.85517352,74.22108634,74.58822214,75.06213296,75.58685017,76.14721662,76.7277527,75.9289193,75.20243018,75.92720396,76.56750217,77.30836919,77.38605751,77.46189067
Brazil,52.1152704,56.81179701,61.67326808,61.84167526,62.85007097,63.86624377,62.82515712,63.85038254,64.56707284,66.46230111,66.70501212,66.96478598,68.66782753,69.39027621,70.31192917,71.67050697,71.82708654,71.82891292,71.77673861,72.37724884,71.37120308,70.35936831,70.71010656,70.81971177,71.73119898,71.71676348,71.7137642
Barbados,78.9205226,80.44357803,80.46977198,81.19816438,81.89367932,82.30338182,85.82933455,83.60822046,83.73038757,83.38871436,83.62254818,83.93987372,83.14697505,84.54275249,84.83814978,85.10220955,85.37400447,85.61986868,85.85438771,86.09268182,86.91616627,86.99352651,85.90211233,88.17580156,88.09426894,88.17598642,88.24741393
BruneiDarussalam,54.72384029,56.50498236,57.91720107,59.35974367,60.83852644,62.36901687,63.74180125,65.16952112,66.67956086,68.23210854,69.76491171,71.04029636,71.05353548,71.01379002,70.88639857,70.68083829,70.50885518,70.49252104,70.52443205,70.50077091,70.40974555,70.1153795,69.55403132,68.75272056,67.74774684,67.63257561,67.52274115
Bhutan,63.35483914,61.94963606,61.04554642,60.49811347,60.01954576,59.45586966,60.6486468,61.91623614,63.3089718,65.02282468,67.14728523,71.35204407,75.43725996,78.99709995,81.8009374,83.89135569,84.98032803,85.79657003,86.38261332,86.93854594,85.67477335,84.86104502,93.60069403,80.10668022,80.60903855,80.68297919,80.79611172
Botswana,82.8743671,83.28036695,83.68074405,84.07438643,84.46107838,84.85748869,85.24391735,85.62174612,85.98913944,86.34800888,86.69860735,87.03339873,87.362151,87.68314123,87.99871247,88.30732532,88.56488478,88.73157734,89.00793732,89.68885315,89.75442111,89.8995666,90.09471673,90.21906823,90.37144314,90.32071359,90.26483358
CentralAfricanRepublic,79.68760937,79.78678913,80.22312095,80.45009355,80.51955117,80.48735637,80.86327763,80.87434727,80.8888095,80.92218987,81.15862373,81.13807423,81.12911353,81.45648609,81.39597115,81.55872366,81.53310787,81.5353656,81.72021567,81.76503417,81.9046793,82.17446127,82.43340614,84.33807671,84.69651846,84.76926492,84.8512493
Canada,76.19141908,77.18046544,77.6596702,77.94663695,77.9537293,78.56758204,78.87762478,79.27186598,80.19484241,80.61228899,81.2960825,81.85628947,82.61478498,83.5784189,83.90818736,83.82711833,84.80397371,85.43498513,85.45287203,86.24392088,86.46355289,86.47432054,86.62306895,86.92676331,86.66988319,86.7599135,86.819428
CentralEuropeandtheBaltics,77.02412795,77.07844384,77.19123395,77.18255459,77.24266689,76.94529852,76.51181999,76.95695055,76.99597041,77.383047,77.61669506,77.85577166,77.10721918,76.85382175,76.56697033,76.04518056,75.86211681,75.32589532,74.92310701,75.13246013,75.72734738,75.85853484,76.00092511,75.9059652,75.8033835,75.81633559,75.93185173
Switzerland,69.50744079,70.4499848,71.48320492,71.11138822,70.70188669,70.68322425,72.28252404,72.62902754,74.07009846,74.75594844,74.28597115,76.34659076,77.47589187,77.75558706,78.13510302,79.23268672,79.4673789,79.35017695,81.49307639,81.92779387,80.8132894,80.69534653,81.38497865,82.65586854,83.68389894,83.74348762,83.82114699
ChannelIslands,,,,,,,,,,,,,,,,,,,,,,,,,,,
Chile,41.83130718,41.56165673,43.96859507,45.56570463,45.64946504,44.73786674,44.6608353,46.0655649,46.45466972,46.81506024,47.37201964,46.70915785,46.93674631,48.94825042,51.06972349,52.23966371,52.93527125,54.24486723,56.7148731,57.77515319,62.60455154,64.70212958,65.25893142,66.72032748,67.90708577,67.8797819,67.88779718
China,86.48897278,86.3935556,86.26021667,86.10692796,85.94935143,85.80624456,85.68509615,85.56970106,85.47067337,85.40511754,85.38212851,85.08003836,84.78552828,84.48211692,84.1510118,83.79678685,83.43569745,83.07380235,82.71117332,82.33992,81.95077169,81.95189247,81.91430612,81.88972976,81.81899972,81.58290189,81.34494128
Coted'Ivoire,49.46925573,50.50975919,51.58317083,52.68964839,53.82647061,54.99538607,56.21846774,57.48676536,58.80189792,59.17028329,59.55009764,59.93529162,60.3365031,60.75014319,61.17220027,61.59734699,62.00761506,62.42286538,62.83857112,63.25477312,63.67121742,63.90335442,64.13398663,64.36164235,64.58474906,64.73679538,64.87867409
Cameroon,69.53319557,71.14376664,72.77144544,74.42091778,76.10219039,77.81667438,79.55804975,80.1361224,80.71016371,81.27952241,81.83823429,82.37398802,82.90003059,83.4143101,83.91902933,84.4118886,84.89128387,85.36454942,85.83016899,86.29240644,86.75089598,86.94848385,87.12957716,87.28371817,87.48349557,87.5069313,87.53187334
"Congo,Dem.Rep.",95.28052636,95.45627969,95.70274883,96.07952033,96.1130507,96.01726415,96.0168807,96.22205678,96.31891856,96.54535105,96.89664325,97.08117979,97.12680205,97.12030644,97.11597469,97.16993792,97.27700531,97.38951875,97.52712202,97.78550785,97.90978175,98.02928301,98.14529355,98.22696786,98.31701847,98.21921258,98.1185707
"Congo,Rep.",78.73780894,79.86699376,80.98606083,82.12437127,83.2896388,84.36008863,85.41523562,86.49367053,87.51812662,88.57307918,89.52605385,90.4999947,91.44043558,92.39097137,93.30749395,94.18137349,93.91429467,94.12828887,93.99480547,93.72963969,93.32844672,93.13502029,92.88087665,92.65269062,92.34868187,92.35027535,92.34815537
Colombia,40.85296132,40.60224467,40.30596006,40.03691693,42.66181057,45.35515627,48.09977887,50.88607019,53.69707604,56.51559968,59.32338061,62.09958111,64.83151427,67.50627174,65.95595777,65.31514866,65.60481161,65.08310928,65.0865685,67.82955043,69.16704362,69.84398117,71.09246336,71.4865199,72.54506266,72.57543405,72.60484731
Comoros,33.82080816,34.27331601,34.73240961,35.19789457,35.66829717,36.14211954,36.61623622,37.09384896,37.57235633,38.05059383,38.52637426,38.99957089,39.47321576,39.94565254,40.41688532,40.88455493,41.34752226,41.81059258,42.27535796,42.74241581,43.21386145,43.47935882,43.74526367,44.01453746,44.28639639,44.49581799,44.7047699
CaboVerde,49.65903279,50.21186693,50.74076744,51.24480515,51.77127402,52.32657773,52.87738729,53.44199151,54.01346897,54.58958451,55.19245218,55.84560781,56.49801908,57.13455117,57.82172358,58.38210018,59.02871529,59.65500716,60.27189745,60.9011415,61.50937508,61.87563697,62.26080281,62.65740193,63.05027424,63.19917078,63.35252464
CostaRica,38.67917791,40.19229942,39.90479817,40.57123646,41.84548194,42.61805585,41.40800071,44.72056475,46.95144891,46.8876621,45.29710401,51.46230848,51.41893294,51.41842883,50.06764173,54.33264206,54.53395924,55.38002454,55.8289805,57.43948281,57.27761218,59.29115931,59.59489873,60.45640082,60.97854429,61.09718191,61.22414361
Caribbeansmallstates,68.25750422,71.67578931,71.27421286,70.96739411,71.72808026,70.97197053,71.02367635,70.09925512,69.14665257,68.98646985,68.64435883,68.81208557,68.96075404,69.5154259,70.27513979,71.19259815,71.65525444,71.54386532,72.28320105,71.93596132,72.54032939,72.90573577,73.52355317,74.31064868,74.54649059,74.57192375,74.65214177
Cuba,48.02923952,48.46798374,48.90877205,49.34336531,49.76335855,50.16847333,50.61140495,51.048263,51.4902061,51.95226925,52.43934911,52.98258767,53.54892159,54.12555995,54.69478232,56.78665816,58.95615908,60.90725364,60.89916739,61.38088561,61.54124996,61.86931234,61.97001644,62.07966697,62.11742704,61.98779235,61.8111741
Curacao,,,,,,,,,,,,,,,,,,,,,,,,,,,
CaymanIslands,,,,,,,,,,,,,,,,,,,,,,,,,,,
Cyprus,57.17411688,58.70828801,59.65631259,59.20956129,60.99659168,59.36638354,60.61734713,63.03708324,63.13567544,63.35409288,69.03696158,72.40828543,73.90683159,74.59716413,73.87964869,73.28800013,74.68771758,76.16617605,77.10200057,78.67844585,80.13685579,79.80174594,78.78817892,79.233357,81.90663371,81.91653556,81.97021892
CzechRepublic,73.23836025,73.22812387,73.3879251,73.49686428,73.73615494,73.32744274,72.67658899,72.95135867,73.38535783,73.9339265,73.98687526,73.95547194,73.65709433,74.02985395,73.90595029,73.75059843,73.78011532,72.92796009,72.39863348,72.58648337,72.46176215,73.26489562,73.96036041,74.82832687,74.58693514,74.90178061,75.27269146
Germany,62.22075643,66.37481701,66.83235532,67.36903148,67.71521798,68.44982856,69.05038696,69.83303821,70.26407122,71.69296468,72.36526096,73.1453744,74.26829827,75.36070794,75.7311043,75.5665449,76.88013297,77.57468251,77.91216272,78.71768586,79.39263929,80.38386527,80.66804394,81.51642794,81.91096547,82.07969079,82.275633
Djibouti,41.26931576,42.07740506,42.53241408,43.22049407,43.76962001,44.29089093,44.83045847,45.21866399,45.56669814,45.94928511,46.50504562,47.07688674,47.71727705,48.41420926,49.14130277,49.91463401,50.58601494,51.31261157,52.02945884,52.69815146,53.26983597,53.46995397,53.62970877,53.66798032,53.67641856,53.56922597,53.47326066
Dominica,,,,,,,,,,,,,,,,,,,,,,,,,,,
Denmark,81.64367565,83.00985568,83.75413141,84.08461126,81.05945821,79.26090897,79.84298158,80.21002455,82.75958337,82.5638579,83.67165054,83.91090013,83.07065256,83.44250659,84.33237678,84.6516708,85.43940099,85.60049729,85.6753858,86.29721606,86.51914862,87.13202679,87.73403264,88.52651701,87.52675354,87.72805501,87.8809024
DominicanRepublic,51.65155519,51.77081365,52.35301835,52.7666163,52.92132788,53.36694562,53.98970693,54.78896285,55.70287133,56.60827116,57.41589088,57.94508713,58.64748874,59.0618818,59.56706042,60.46881063,61.45956327,62.37246266,61.21197418,60.04651677,62.63609623,64.31766024,65.19343637,65.78412189,66.32451874,66.40616987,66.50520886
Algeria,13.35387491,13.61767416,13.9099092,14.23193379,14.58109971,14.95542067,15.32737381,15.39996078,15.52502403,15.70502609,15.94128961,16.22158516,16.55700501,16.94649893,17.3857121,17.87107717,18.41037644,19.00243333,19.65010765,20.35790673,20.51025692,21.90910973,23.41593075,24.02263167,23.76751662,23.8760417,23.96985829
EastAsia&Pacific(excludinghighincome),83.45040179,83.12907186,82.81943614,82.67888241,82.5523308,82.42707505,82.30508822,82.15818219,82.19971984,81.98782803,81.90567872,81.70628039,81.42473495,81.12401326,80.8241677,80.68482955,80.39024007,80.2084137,79.97270304,79.65378677,79.5159713,79.54434035,79.41994877,79.30906545,79.26642224,79.08668482,78.91122962
Early-demographicdividend,49.06761982,49.03284799,49.13440458,49.30928066,49.8308192,49.8448369,49.77118514,49.77298936,50.0035662,50.08285528,49.98008206,50.55257197,50.81180057,50.98752514,51.27707777,51.6702856,51.07029409,50.56426065,49.93538666,49.41847291,49.00692789,48.81442782,48.70757635,48.84760096,49.02291869,49.1507857,49.27636753
EastAsia&Pacific,81.36322457,81.08716372,80.797004,80.66665364,80.59607737,80.51979577,80.46268945,80.39685729,80.4132991,80.27115389,80.26598511,80.16779541,79.94149627,79.7227876,79.51698726,79.45613009,79.2442372,79.10273543,78.93345638,78.70452897,78.67258417,78.67148548,78.60368112,78.58518379,78.59332016,78.4362401,78.2855717
Europe&CentralAsia(excludinghighincome),73.0245021,72.71853592,72.26184377,71.42480925,71.52254574,71.69546128,71.66966029,71.96209236,72.03761702,73.10951874,73.05849494,73.14819426,73.91836886,74.10320723,73.7604927,73.57779231,73.772049,73.50542162,72.82044737,72.93425418,72.60806014,72.55580987,72.36104018,72.22289044,71.89318755,71.71603636,71.5951121
Europe&CentralAsia,69.18342023,69.68262311,69.79545154,69.6850328,69.98369468,70.29020171,70.59970648,70.97661326,71.30300554,72.3054159,72.59543374,72.87275252,73.58615673,74.11690511,74.2896129,74.42776896,74.85090652,74.93236312,74.92923093,75.4245591,75.59527622,75.84248449,76.05435389,76.30323091,76.37718551,76.36142243,76.39885481
Ecuador,50.75474436,51.49125074,52.44987053,53.46203553,54.32562742,55.33206934,56.34220456,57.14995278,58.04856776,59.60855089,60.83185082,61.74978007,62.77052758,63.95952598,67.82231166,65.29486072,65.98548747,64.31451282,63.20181931,64.05849916,61.92148011,61.28711072,62.1968753,60.66389274,61.44558686,61.42051964,61.40150617
"Egypt,ArabRep.",34.79681558,29.66122092,31.29361207,29.56955314,30.21439,28.87055452,27.98249759,27.14203726,26.34161479,26.45679452,27.03776375,28.0160907,26.25161395,26.47503815,26.77754163,27.17675624,28.36076391,30.93971031,30.74624801,30.59260475,29.99086801,28.91791122,29.14316565,30.12608688,29.74468374,29.92021422,30.09661533
Euroarea,61.70234236,63.44359544,64.04526677,64.66552257,65.35909418,66.13639788,66.80622133,67.38928298,67.92331721,69.05885944,69.74442867,70.11350057,70.94504615,72.17494702,72.85157904,73.40977771,74.30375537,74.95943704,75.6420462,76.63066783,77.26054701,77.9283485,78.57198761,79.14050092,79.62824446,79.74510984,79.90042875
Eritrea,83.42967842,82.82150194,82.09574941,80.84796246,79.55152708,79.26254965,79.17898713,79.47225598,80.21297476,81.12297032,82.15431025,82.84790413,83.70187906,84.63443069,85.29157756,85.74006541,86.07918426,86.22127108,86.57980085,86.51301144,86.47221496,86.24547404,86.04488773,86.01089036,85.99833932,86.09058555,86.21091426
Spain,49.1782203,50.09610064,52.06762113,53.57035235,55.56027227,56.94178744,57.81494102,58.84873348,59.16737594,59.99454068,61.53533976,60.56224359,62.55030459,64.33890077,66.05671536,67.13464175,69.0432447,70.26243383,72.15916024,74.58258389,76.14652532,77.82232627,79.13570025,79.82980036,80.6352106,80.82790347,80.99735193
Estonia,82.22863527,81.06255798,79.83843002,78.54661185,77.19016333,75.77012069,76.61121875,77.50660793,75.8212527,76.73472345,77.0424343,77.74545469,77.56477708,77.20781386,78.45137501,81.39169253,81.06269063,78.64350961,79.10094623,80.52468058,82.76331258,83.10439284,81.22361841,81.25217782,79.92011403,79.74516566,79.73913501
Ethiopia,79.02276251,79.33115458,79.66133788,79.35884311,79.33186085,79.2465423,78.97397818,78.98289548,79.19694452,79.16117327,80.47628186,81.73186744,82.94219971,84.1112285,85.23602291,86.31744533,86.25914031,86.20468177,86.15503582,86.11175599,86.0737206,86.04358035,86.01378695,85.98481644,86.37083254,86.44794834,86.52721062
EuropeanUnion,66.62356645,67.7476287,68.30897361,68.85797175,69.37789209,69.84117097,70.26187545,70.80773184,71.22262724,72.08287055,72.6045269,73.01005791,73.46488508,74.13986489,74.69594199,75.00220372,75.61966539,75.90847092,76.32548725,77.08900555,77.69320538,78.22673206,78.71331689,79.22349589,79.57239611,79.68816288,79.84710572
Fragileandconflictaffectedsituations,71.64295875,71.667066,71.75287872,71.90040751,71.93681799,72.0589401,72.21684752,72.32660446,72.32339491,72.34207452,72.54111849,72.60420314,72.76428078,72.93191749,72.99192416,72.93302598,72.85974928,72.82098412,72.8268398,72.86203761,72.92736792,72.91374644,73.07876256,73.18361464,73.27328162,73.25649421,73.21301101
Finland,81.89836886,81.8787464,81.95226363,81.73604247,81.75331937,82.01014075,82.32476892,82.78710442,82.9496823,83.987172,84.34850139,84.48363302,85.68726161,85.25006359,85.73452419,86.86202294,86.77798435,87.25367325,86.49563042,88.190362,86.9499221,86.31208838,87.23049645,88.06585366,88.70040647,88.55896585,88.50784591
Fiji,34.89278324,37.09423951,39.4141374,41.84860039,44.39771314,47.05793598,49.84238675,50.02172738,50.21033653,50.40591152,50.60454871,50.8024062,51.00423117,51.20975708,51.415879,51.62492741,51.91113113,52.21841082,52.14586464,52.00722286,52.00105801,51.96192034,51.90459782,51.90362189,51.92083796,51.93710448,51.96384247
France,70.45700035,71.78677539,72.54095506,73.78627056,74.54047464,75.49449852,75.7736185,75.59286892,76.39984902,76.91024191,77.25250404,77.29899853,77.42498583,79.70438266,79.6606679,80.71639137,81.21238527,81.97126555,82.28491502,82.82705029,83.03627144,83.3524671,83.41620619,83.77911552,84.41043272,84.482928,84.62234204
FaroeIslands,,,,,,,,,,,,,,,,,,,,,,,,,,,
"Micronesia,Fed.Sts.",,,,,,,,,,,,,,,,,,,,,,,,,,,
Gabon,81.08599405,80.49657402,80.61265444,80.29446708,80.6042831,80.92205831,81.24205882,81.56324666,81.88924228,82.22520016,82.57125752,82.94599793,83.32898512,83.71562011,84.10622572,84.49976619,81.6132499,78.59329312,75.49529737,72.3776357,69.28496784,69.21715868,69.17177947,69.09905544,69.08098425,69.33879798,69.6288239
UnitedKingdom,70.40866933,70.85332521,71.75514769,72.76619037,73.20433836,73.51381322,74.3888715,75.21380702,75.67551737,76.24140482,76.73850234,77.40175239,78.25680627,77.89572199,78.90472644,79.30556593,79.7426512,79.32556258,79.72811974,80.32354134,81.15275312,81.21249384,81.32236555,82.31050917,82.65765559,82.82883182,83.00032911
Georgia,73.52239883,73.80539178,76.15549426,78.50080427,79.26803445,78.88639837,77.94846483,77.18786666,76.98200652,76.83620933,73.96029172,76.25140527,74.94716338,75.97556203,76.24480929,75.57426901,74.76618125,73.94348823,73.15222213,72.43406904,74.52275068,73.18303421,73.09797297,72.98938434,72.95318192,73.03684688,73.16986371
Ghana,96.99765239,97.26016853,97.58651385,97.22283364,96.92332022,96.60875473,96.25994374,95.93522922,95.60388116,95.28696339,94.98968694,94.80108179,94.62669308,94.46997329,94.33878931,94.24468673,94.1670063,94.38497267,94.65195985,94.93966387,95.22409983,95.47457275,95.6907812,95.87647128,96.12111202,96.13709667,96.12831134
Gibraltar,,,,,,,,,,,,,,,,,,,,,,,,,,,
Guinea,63.70984796,64.64906596,65.59211741,66.52342371,67.45506498,68.37065697,69.29706899,70.2156269,71.13697574,72.05130707,72.96797101,73.86997089,74.75688488,75.66461707,76.56118487,77.44909808,78.30650478,79.16074676,79.98763224,80.83546723,81.70872899,82.53087447,82.52859043,92.88543677,93.36058158,93.3362263,93.30781002
"Gambia,The",81.75252547,81.72229452,81.65044253,81.66248548,82.06428087,82.58576566,83.18830573,83.69087946,84.34818189,84.69653695,84.98917298,85.13536391,85.9544593,85.87090683,85.77894423,85.89287878,85.93598146,86.03823855,86.2080481,86.55611814,86.86418886,86.94746424,87.03433251,87.11747962,87.1929958,87.28569828,87.36358131
Guinea-Bissau,79.7977741,79.90738489,79.92375343,79.73817027,79.54773854,79.47591583,79.25154961,79.40747305,81.60826773,82.02329309,82.2125552,82.51307209,82.95966169,83.28182646,83.48038179,83.63807447,83.90735936,84.18501823,84.45185963,84.71356478,84.91680843,84.9202045,85.31610243,85.61022091,85.82569742,85.85217426,85.87295745
EquatorialGuinea,79.96657307,78.99915588,78.0090717,77.06395846,76.21308442,75.50324333,74.92658513,74.51700221,74.29510551,74.27487745,72.68741276,72.94757271,73.34850917,73.83252881,74.32887253,74.79053268,75.15597424,75.48133825,75.77749015,76.05857569,76.3324677,76.57874816,76.81728345,77.04761401,77.26448437,77.49885835,77.71756453
Greece,53.74865492,51.39149831,53.25554731,53.94550462,54.27480838,55.23265728,57.16985125,57.72705593,60.06480326,61.72363752,61.69606822,61.34963882,62.32600421,63.21279977,65.13342883,65.58151292,66.08847361,66.25315712,66.33826772,68.15488497,69.42647323,70.34606804,71.80704028,72.00936738,73.27122957,73.26574493,73.26262554
Grenada,,,,,,,,,,,,,,,,,,,,,,,,,,,
Greenland,,,,,,,,,,,,,,,,,,,,,,,,,,,
Guatemala,32.90131718,33.93740588,34.99871736,36.08547329,37.2054659,38.35813927,39.5085434,40.69444394,41.91461757,43.15332166,44.41105128,45.67300351,46.95912254,48.26022275,49.58842743,51.47471728,53.5529537,52.3485524,51.15477078,49.97283185,48.80325678,47.6486753,52.42532854,48.53966748,49.17942188,49.35336756,49.53271198
Guam,66.53676239,67.21589797,67.95723532,68.75455238,69.58303529,70.4382022,71.30233133,72.20860627,73.14125482,74.1081579,75.09445435,75.99065798,75.95572123,74.86023831,73.92337601,80.49235631,79.84588508,70.36950418,73.19487016,75.99320667,78.14642759,80.41856887,80.4962223,80.49256795,80.51324795,80.46538307,80.40687993
Guyana,43.9622199,45.03807584,46.17155341,47.34292076,47.35816177,47.21447435,47.74662922,48.09730306,48.00453641,47.94904911,47.68119952,47.61863616,47.49239726,47.28156511,47.2846328,47.16356284,47.51271798,48.38070678,49.10591659,49.86670182,50.69251281,51.52369865,52.33817406,53.18414027,53.97212912,54.15413777,54.33582588
Highincome,67.29826381,67.99498682,68.42755451,68.74995361,69.47179928,69.76487996,70.24856477,70.79550502,71.03740515,71.61482749,72.01109836,72.42416827,72.82086154,73.44613636,73.77089943,74.10409381,74.47596419,74.70591022,75.14161409,75.76013781,76.20453019,76.27209175,76.46041295,76.77298172,77.06820947,77.06829611,77.11366037
"HongKongSAR,China",59.55102863,60.89025309,59.80903317,59.38533655,60.55491863,61.86140837,62.76125127,63.510969,64.57000752,65.72146027,66.86942489,68.44118274,70.74751276,70.847523,71.54719547,72.46598209,73.38970253,74.47777712,75.68251103,76.3022714,75.69481687,76.73507048,76.93058263,77.63281532,78.1540025,77.93733075,77.73472288
Honduras,38.49690852,38.65254342,40.71715512,40.47544818,40.2615177,40.07360843,45.63123187,46.15218612,47.95856011,51.70050475,50.47972746,48.4967302,45.46590337,45.99915011,46.58112114,43.68881688,48.21480077,48.65722238,49.13036499,49.63448805,52.2127742,53.10646891,54.02324734,54.82235727,55.66326078,55.86402961,56.08214497
Heavilyindebtedpoorcountries(HIPC),78.91719926,79.11173558,79.34220817,79.47841795,79.6066362,79.74614783,79.99127799,80.22635876,80.42501652,80.5836121,80.94262772,81.23208263,81.488305,81.7433343,82.00142559,82.24991452,82.60046789,82.88573033,83.15874172,83.30056341,83.46325881,83.46412336,83.19852103,83.06678594,83.24247623,83.24005615,83.24475193
Croatia,67.92917094,67.38916063,67.8155386,68.24841993,68.66863744,69.06864883,69.59902958,70.1334227,70.66846013,71.19743226,71.70691388,72.39059934,73.60765782,73.3620419,74.2711156,75.61282977,76.97913619,74.67873383,75.53923252,77.34909241,77.30419979,75.36229145,76.58085486,77.28499306,78.9689011,79.03313153,79.18809497
Haiti,73.34711642,74.14217906,74.97467757,75.85084087,76.7717258,77.73635713,78.62179295,79.54158495,80.49601421,81.4734208,82.47044862,82.81341016,83.14415153,83.46913571,83.79303461,84.11931786,84.4018104,84.65860596,84.87420377,85.12102328,85.30730228,85.47627361,85.65120331,85.83270955,86.01600855,86.18654948,86.33459905
Hungary,71.7067501,72.6275425,74.02727279,73.41960109,72.1397392,68.32947999,68.41411414,68.26533561,70.96796871,71.13185849,71.29222663,71.17683416,71.87445712,72.86041699,73.01792599,73.57322765,73.29921461,72.71629959,72.99685841,73.41253951,74.88900148,74.50594131,74.81893953,74.20312996,74.14469173,74.25171144,74.48232513
IBRDonly,67.27296816,67.15958087,67.19394895,67.0766956,67.16580714,67.16832042,67.05798206,67.03744085,67.06010589,67.09576199,67.0166008,67.04433062,67.10923083,67.07323839,67.01356708,67.0299999,66.52840554,66.07355066,65.50252264,65.04633014,64.50473715,64.29651476,64.12237574,64.05143093,63.99326284,63.8240566,63.6600469
IDA&IBRDtotal,67.60986281,67.56344774,67.59756649,67.52121075,67.60064752,67.59257944,67.51993021,67.5570937,67.62840176,67.71449123,67.73072518,67.80524428,67.9044358,67.92462802,67.92810185,67.94748255,67.55898532,67.2153,66.7765231,66.45449802,66.07350029,65.95508235,65.82392073,65.79759425,65.83380305,65.74228465,65.65555102
IDAtotal,69.28758393,69.55204076,69.56668627,69.66910137,69.67878074,69.60264739,69.68729722,69.96536611,70.23019957,70.52530332,70.92753384,71.17540554,71.39382502,71.62706035,71.8709176,71.85905601,71.87075339,71.91908875,71.94087559,72.05530498,72.1846978,72.30723791,72.24506538,72.28415032,72.56437811,72.64178889,72.71150987
IDAblend,48.34659052,48.98816595,49.49145128,50.34963431,50.93183593,50.91829761,51.76692362,52.63385297,53.27840103,53.82869692,54.76160226,55.58594481,56.55007866,57.60922232,58.79871816,59.01324731,59.15248363,59.35275611,59.57165814,59.93406361,60.29719774,60.38158804,60.50098764,60.59288247,60.77127565,60.87448377,60.98947259
Indonesia,61.8735966,60.52867593,59.19788897,60.3278121,61.81350772,61.12104524,60.59553519,59.23536938,61.15384038,59.94924334,59.28978333,58.67571097,58.10025036,58.2225053,58.3767415,58.55879984,59.18751433,59.88995338,60.68953209,60.48643666,61.58471222,61.2044924,60.81575292,60.41557734,60.55631642,60.68166233,60.80955391
IDAonly,77.81283407,77.90100119,77.70294581,77.46170951,77.24242328,77.0719944,76.88155432,76.94814052,77.04481688,77.23159452,77.43566744,77.44143371,77.37047517,77.29613499,77.18527693,77.13163458,77.14670348,77.13738549,77.08993372,77.13433454,77.19130067,77.34247465,77.20981054,77.22291487,77.53879648,77.60653224,77.6546748
IsleofMan,,,,,,,,,,,,,,,,,,,,,,,,,,,
India,40.93228585,41.29204847,41.65987035,42.03344669,42.41510283,42.16693938,41.9236891,41.68315382,41.44234129,41.20161446,40.95831417,41.61694932,42.27658989,42.93647783,43.60201653,44.27283381,42.43679717,40.6399308,38.88316585,37.16447268,35.48799633,34.59779808,33.73019885,33.78937403,33.73576463,33.87730706,34.01985022
Notclassified,,,,,,,,,,,,,,,,,,,,,,,,,,,
Ireland,50.65607477,51.70017019,53.52930761,56.18457797,57.45957738,58.51971919,60.61730351,61.98891791,63.8734153,65.77906205,66.68998891,67.31357127,69.33474688,70.0200095,69.968558,71.94126083,72.46013712,73.99703017,74.5933847,76.04708775,77.01773827,77.49930707,77.42456321,77.75225068,77.24621298,77.23170587,77.29988943
"Iran,IslamicRep.",11.98858029,12.25310248,12.55494783,12.89602313,13.2855268,13.72507686,14.23215444,15.29712639,16.42329932,17.61019885,18.85841719,20.14618177,21.51323054,22.96566209,24.50853317,26.14124652,25.25542299,24.44758068,22.02329411,23.0232029,22.80297958,22.75121073,22.65733925,22.35347933,22.16925056,22.23612384,22.25220826
Iraq,15.14576048,15.42037027,15.70901031,16.00461687,16.3010951,16.5947142,16.88893946,17.18381143,17.48606648,17.80267814,18.13581338,18.49006603,18.86263873,19.25006433,19.65141154,19.82527278,20.06930431,20.25510359,20.52658247,20.74421991,20.91896446,21.07029709,21.22236927,21.37567985,21.52778942,21.64890667,21.76951531
Iceland,82.72662183,82.54565033,83.58716196,86.4622678,87.13965367,86.23047336,86.56573237,85.71660451,86.27619636,86.6844725,86.9736533,87.36454033,87.2263123,88.86259476,87.40448371,88.26925688,87.37740641,87.70205461,87.64357643,89.08400209,89.53540522,89.71032785,91.35653697,90.71918732,91.18445828,91.18064634,91.14973082
Israel,64.69880263,65.44499529,67.59660506,67.19468984,69.25414944,70.65113512,71.49324434,72.1783354,72.90774234,75.08163667,76.33219143,77.16633835,77.61555757,79.43358528,79.39910193,79.99393405,79.86862214,79.99002862,79.9489477,82.232786,81.95429,81.94298335,83.50256775,83.50069615,84.89931273,84.85591457,84.79992203
Italy,52.80086182,53.56960298,52.73256013,52.39533733,53.20079237,53.96190804,54.7667798,55.23621799,55.96938688,57.28281547,57.86408567,59.07355279,59.66897448,60.1197453,61.73441034,61.99164024,62.47409125,62.49710094,63.60881222,63.67636948,64.02465863,64.65792588,66.26583616,66.82729744,67.53632351,67.60112664,67.71244556
Jamaica,81.04032532,81.89663416,82.78152295,83.67190678,84.57819264,83.15098627,81.37042015,79.35703382,77.08781711,76.461552,75.85345471,75.50258417,75.20659354,74.97631251,75.43042982,76.2627,76.74740892,77.20422899,77.65363833,77.43338112,77.69730088,77.80979864,78.66341024,79.50717713,79.90763609,79.87563096,79.94559883
Jordan,14.09103504,14.48259391,15.38863619,15.94297074,16.56361854,17.29623626,17.39300641,17.58511092,17.81152069,18.0878031,18.37113251,17.75824386,18.99504842,17.62763442,16.17634006,18.12442671,18.82340543,22.61723061,22.01038221,22.78451588,22.82935003,23.09009101,22.90775233,21.77281643,21.90453951,22.12071839,22.32862102
Japan,64.90860383,65.2662056,65.02912109,64.47863461,64.4774322,64.34570544,64.34097041,64.8266192,64.8738434,64.51453717,64.51042698,64.97900672,64.87651542,65.311227,65.71642361,66.02312202,66.27223079,66.28932253,66.52036424,67.47873788,68.95001884,67.89041228,68.29662702,69.46858606,70.03576353,70.01125983,70.05019491
Kazakhstan,79.89057264,80.15246235,80.34130881,80.54877849,80.87659694,81.35840011,82.05024535,82.80132938,83.53733425,84.20191381,84.787657,85.26216855,85.72105509,85.65605544,85.23608183,85.73538269,86.27808762,86.77686948,87.24715351,86.64250724,86.51424864,86.13435683,86.24185227,86.05190659,86.02487111,85.82229022,85.69395516
Kenya,87.3407446,87.17215006,87.00803832,86.85014108,86.70041454,86.55913765,86.45200355,86.34754691,86.24976633,86.15686493,86.07191638,85.99521866,85.92531135,85.86519716,85.82008106,85.79249618,85.75855431,85.62516736,85.6922674,85.67227761,85.53432062,85.54970666,85.68224962,85.8308963,86.05616951,86.1028717,86.16442574
KyrgyzRepublic,78.58497971,78.42439626,78.25535793,78.08774816,77.93145535,77.77867512,77.54032334,77.2555002,76.89702911,76.44295698,75.90429279,75.36243567,74.7856419,73.40412774,72.19798643,71.11575388,70.34561002,69.9310349,69.61581385,69.46637825,68.15838289,68.20130053,67.042142,64.37601957,64.11445493,64.11597361,64.11394044
Cambodia,92.12572645,91.95518158,91.64263039,91.28926349,91.15628609,91.26005044,91.56756838,90.96864218,90.56254378,94.35609797,92.97284196,95.85114226,93.43156545,90.80668249,88.00042072,87.7114125,87.36343029,87.04352015,84.60998684,89.33974873,92.09282196,92.66413537,88.89066816,87.13419959,87.20036077,87.10286868,86.99322072
Kiribati,,,,,,,,,,,,,,,,,,,,,,,,,,,
St.KittsandNevis,,,,,,,,,,,,,,,,,,,,,,,,,,,
"Korea,Rep.",64.18828212,63.62015346,63.16983963,63.25764522,63.73253441,64.42049792,65.2254738,66.56569589,63.77416769,65.02574611,66.53818168,67.35979739,67.39437464,66.49080599,67.50061896,68.24233617,68.8895693,68.87650741,69.14680609,68.34047226,68.80434204,68.98785331,69.22030056,69.54554471,69.62624974,69.64131393,69.67981024
Kuwait,44.50920792,45.76528553,46.8291928,47.75725389,48.56508067,49.26944436,49.914236,50.51045631,51.15835002,51.9256613,52.83210511,53.70097133,54.62191107,55.56646591,55.47627335,54.96789733,54.89544944,54.71834739,54.65281765,55.46575548,56.03743976,56.2666713,56.60724798,57.09137867,57.38211887,57.29440393,57.2766464
LatinAmerica&Caribbean(excludinghighincome),49.21258781,50.96869034,53.22541125,53.55916874,54.59148655,56.03764307,56.20368641,57.66103797,58.34802898,59.71657315,60.16537274,61.14669067,62.50931639,63.14198131,64.07929613,64.71879484,64.98214345,65.52559735,65.6604866,66.33137466,65.91178268,65.67350691,66.3823304,66.62409207,67.36946245,67.40545274,67.44876116
LaoPDR,96.44158907,96.55897015,96.7342985,96.93120434,97.22715281,97.48526311,97.67106755,97.87215777,97.97975315,98.25326998,98.49791898,98.73930349,99.03047036,99.35907839,99.7199726,100.1129743,100.4303219,100.6904091,100.9245208,101.0936545,101.2392278,101.291084,101.2989404,101.2922119,101.236024,100.8891684,100.51932
Lebanon,25.68169795,25.80848561,26.26545525,26.73705536,27.22791779,27.70443263,28.04614959,28.19034064,28.63858846,28.9226354,29.18757318,28.62919799,28.22635803,28.00254231,28.18207767,28.71990767,29.37644278,30.20839197,30.60898874,31.01967855,31.43771057,31.91456004,32.35483252,32.75384818,33.10905107,33.39738309,33.56188682
Liberia,86.81002312,87.3621939,88.47428021,89.50395865,90.29619797,91.1736245,91.71773025,92.38447912,93.18429651,93.54683033,93.86433438,93.64842606,93.94600941,93.73509307,93.62249301,93.09889515,92.26647123,91.21325942,90.6329587,90.52323133,90.29906245,90.22050479,90.17891458,90.18105136,90.79798673,90.66631248,90.54457569
Libya,25.24017549,26.14452395,26.92412675,27.7877087,28.77074424,29.38654219,30.48060464,31.3579372,32.14079169,32.93236591,33.83432529,34.48606559,35.2446467,36.32961788,37.06804221,37.74092191,38.10111278,38.29856695,38.32248354,38.27415658,38.31477118,34.94134573,36.88827426,36.24892056,35.3043263,35.34483803,35.40471526
St.Lucia,74.28085945,74.78674429,75.51951664,75.65219603,75.62151622,75.83963648,76.78807613,77.32618274,78.67788673,79.65930266,80.93993436,81.36278213,82.25098486,83.68279394,82.41167115,81.29221522,82.2083891,82.13036305,82.3731213,82.2770686,81.98934905,82.37203093,82.36627893,82.47750318,82.46578443,82.44485999,82.450483
LatinAmerica&Caribbean,49.13354231,50.84267389,53.07965615,53.45018908,54.44920119,55.82056015,55.9977246,57.44248971,58.11747056,59.46965459,59.91089768,60.85963033,62.18568116,62.85267378,63.80504031,64.46152122,64.72763909,65.28356712,65.48610702,66.16353046,65.88957722,65.73032571,66.42522018,66.69644395,67.44727681,67.48123147,67.52364237
Leastdevelopedcountries:UNclassification,79.41719195,79.49659526,79.27111207,79.08304289,78.83497271,78.62108699,78.3623186,78.40951742,78.4785877,78.65608078,78.88939894,78.9379953,78.8171983,78.69346864,78.55377614,78.47750528,78.44177736,78.37463471,78.27781647,78.31482247,78.33708979,78.43231295,78.2179465,78.16446382,78.43355422,78.44484371,78.46351454
Lowincome,83.89196142,83.94212962,84.02552204,84.07973137,84.14646518,84.22204595,84.18032002,84.28523939,84.34488847,84.40338982,84.83290554,85.18524336,85.50526556,85.78749826,86.07585884,86.30002528,86.55775437,86.75717515,86.92734836,86.99091644,87.07156163,87.0494378,86.73149927,86.53019474,86.66697276,86.64028212,86.62703928
Liechtenstein,,,,,,,,,,,,,,,,,,,,,,,,,,,
SriLanka,57.35733223,53.28710017,49.63801654,49.1163931,50.1268984,48.45267339,47.174857,46.30787662,53.63747442,48.37353286,48.45881853,47.67817113,46.91616922,46.16297764,46.22735412,45.1383494,47.2289279,45.77030317,45.31235438,47.8258593,45.1557737,45.1538412,43.29668987,44.09052655,39.67142451,39.96509599,40.23012929
Lowermiddleincome,52.45325401,52.40756706,52.45326397,52.73405343,53.04464291,52.81371589,52.68901975,52.55511875,52.85192003,52.7927546,52.67951312,53.02628502,53.1843975,53.43455044,53.72283174,53.96186599,53.24863701,52.59212476,51.90981524,51.29733852,50.84519333,50.53185574,50.20295738,50.28300467,50.35279707,50.45351739,50.55100937
Low&middleincome,67.66672286,67.61656698,67.644297,67.56494866,67.63878511,67.63719431,67.56259799,67.60121148,67.66988689,67.75249699,67.76365171,67.83814627,67.94186926,67.96011697,67.96477515,67.9904896,67.61525377,67.27435498,66.82977936,66.50332677,66.103341,65.98050141,65.84540214,65.81651754,65.84787633,65.7560495,65.66817561
Lesotho,81.2589319,81.71805637,82.141011,82.81627663,83.3385959,83.90472924,84.11165151,84.26096853,84.47311227,84.77868537,84.33067242,83.81414237,83.3004295,82.79780939,82.3087423,81.83383094,81.32254362,80.80089248,80.2728225,80.19222017,80.07162008,80.02264064,79.93657849,79.85634662,80.25874542,80.17701117,80.09890908
Late-demographicdividend,80.74464549,80.77208925,80.8480995,80.63709159,80.52145398,80.54724909,80.53357078,80.64860565,80.66798842,80.85597401,80.97567293,80.78629527,80.8132097,80.77307574,80.59536862,80.49374435,80.23230964,79.95945418,79.58166988,79.38817743,79.02270895,79.02721326,78.99758952,78.92634748,78.9212006,78.73629729,78.56878682
Lithuania,79.80871017,79.24242679,78.68250402,78.13077592,77.59284427,77.06972469,76.71796352,76.4074971,76.65857975,80.86046773,82.74722816,81.54509606,80.16157708,82.78886543,80.40791461,80.56179865,81.94600964,81.52414343,81.55650474,84.03482709,84.66405618,83.67708101,84.18599639,82.78626202,82.80738167,82.35842222,82.11423641
Luxembourg,50.03734751,52.16791383,55.99060449,54.21997804,56.04220574,53.32597236,55.04835533,57.21498029,57.6600853,61.03886051,62.73097714,63.2258232,64.3056531,66.04497497,68.94112925,70.15804706,72.74581827,73.80167711,74.1071034,73.81597555,74.68983593,76.64898499,78.20976597,77.99138949,78.75204802,78.96710956,79.19200106
Latvia,81.53569395,80.32979997,79.07248324,77.75871174,76.41473871,75.06714896,73.79944561,76.54299307,75.79805729,74.00857114,75.40091842,77.78466644,77.53189186,77.81298528,76.0605894,76.85867226,76.99322973,77.80092425,78.30273136,81.05759283,82.19680581,81.22576125,81.29621488,81.34309249,80.3824242,80.28882491,80.36141091
"MacaoSAR,China",62.5099771,62.77003426,64.88652798,65.76154061,67.69140911,67.01748442,69.23515777,69.56642483,70.29070333,71.96644784,73.81406632,75.18126378,77.85598168,76.52533621,77.46226184,79.42800189,79.92786963,83.0962345,83.60278166,85.63775935,84.96022606,86.00143048,85.03309189,86.39094585,86.71037121,86.47836053,86.19860146
St.Martin(Frenchpart),,,,,,,,,,,,,,,,,,,,,,,,,,,
Morocco,33.55839977,34.0768571,33.8968694,33.88080294,34.77967155,34.61510016,35.77353155,36.03998632,37.08898363,37.62957265,36.49789487,32.12480126,31.62293278,34.62176875,36.04106254,35.83054718,35.34678931,35.35332293,34.67599074,33.51623558,34.09356879,34.20393111,33.472317,33.7427366,33.94577076,34.08042205,34.20490385
Monaco,,,,,,,,,,,,,,,,,,,,,,,,,,,
Moldova,82.29294144,82.41276147,82.57564067,82.81876266,83.17181561,83.64708136,84.31174506,85.07937217,85.94312718,86.9298855,88.09326221,88.51135461,91.23450146,90.10346349,92.69667275,95.0381288,85.8886009,88.23382803,88.00403505,84.73446844,85.30606998,85.48457492,86.77637034,86.04406321,85.54171063,84.93972937,84.46087811
Madagascar,94.27474002,94.4990047,94.6042573,94.68180052,94.74855834,94.72887994,94.63814936,94.4800767,94.30479034,94.14835268,94.04593088,93.97890579,94.28412103,94.24739914,94.30530089,94.39029116,94.79319976,95.13512954,95.41776016,95.64143729,95.81290749,94.86918009,93.79098621,93.96155242,94.11592738,94.12042125,94.12947414
Maldives,26.25579227,28.35803118,30.61367039,33.03281223,35.62423473,38.38736137,41.05609301,43.82792865,46.7030786,49.67530335,52.73643812,55.72478553,58.72666124,61.7224363,64.67937901,67.56459249,70.33394038,70.84937829,71.34712637,71.81861154,72.26202552,72.39893689,72.50387831,72.5942086,72.68551093,72.67503043,72.66347333
MiddleEast&NorthAfrica,24.7523249,23.77089769,24.17259873,24.13826228,24.81590483,25.14781874,25.36922986,25.58779479,25.9273965,26.50617747,26.73346446,26.83742886,26.79738092,27.68760483,28.33087276,28.91689462,29.20486341,29.84818758,29.57426529,29.82365784,30.00351398,30.02487117,30.29539953,30.48369944,30.43082772,30.55094942,30.65186517
Mexico,40.97644373,40.34567697,41.1859011,42.07576706,43.26493435,45.33731315,45.13529546,47.17620899,46.88043373,46.24798708,47.02951613,46.48680764,47.64468008,47.42246488,49.91412556,50.70361624,51.57949742,52.61268768,53.46616005,53.46526149,54.27396531,54.256295,56.07351798,56.43058582,56.98041477,57.08427669,57.18885614
MarshallIslands,,,,,,,,,,,,,,,,,,,,,,,,,,,
Middleincome,66.41468344,66.3442456,66.35493669,66.25038353,66.31160213,66.28930349,66.20344379,66.22565276,66.28169458,66.35952682,66.31600034,66.34790528,66.41262916,66.38859055,66.34926826,66.3382789,65.87507261,65.45306468,64.91583386,64.51482756,64.02615231,63.86031793,63.71081306,63.66225976,63.64333544,63.50414281,63.36622748
"Macedonia,FYR",63.95894372,64.02265517,64.08300835,64.15110947,64.09780616,64.02494948,63.94697567,63.34373602,62.75573407,62.1747487,62.91252987,63.67964411,64.43679583,65.69632951,63.97077141,66.02645626,63.20067,64.7993748,62.92537606,61.91618867,62.28885915,64.08259846,63.59963795,65.73981821,64.36786472,64.4398752,64.58119248
Mali,54.83040745,54.72041799,54.43965636,54.8742388,55.15870316,55.11207426,55.15396147,54.97169425,54.79943552,54.57375309,54.52130583,53.98124624,53.8245848,53.4776923,53.38123297,54.57514992,55.85505411,57.22724209,58.68237121,60.21009569,61.79943882,61.4680598,61.3174825,61.03033319,60.58100367,60.85143414,61.10523732
Malta,35.33397838,36.84739395,37.99670385,38.48555884,38.38065765,38.66323128,39.22635454,39.86635709,40.65261792,41.76052991,42.85004866,40.91191678,43.65238684,42.5175541,39.63966724,42.24899698,42.7964556,45.73277001,47.89334071,48.63571823,49.43047642,50.64735494,55.08185851,57.12815794,58.26112797,58.82851882,59.38620698
Myanmar,92.92006063,92.9536157,92.97195286,92.97996901,92.98745103,92.98979368,92.99588707,92.99225893,92.94179138,92.9917276,93.06965578,93.11914246,93.17450983,93.23967755,93.29208119,93.32921172,93.32041828,93.28704221,93.16649268,93.06378843,92.96874466,92.92337253,92.89032998,92.8635551,92.83812591,92.68434049,92.54981594
MiddleEast&NorthAfrica(excludinghighincome),23.65117407,22.3848351,22.99885065,22.86328239,23.48953726,23.47176652,23.62889965,23.77665307,24.05142147,24.54982974,24.80091042,24.86375301,24.76138101,25.65044695,26.31582962,26.86488487,26.92132677,27.52790036,27.0189825,27.1129278,27.04720746,26.87065061,27.09525915,27.3553567,27.22437445,27.37010727,27.49062527
Montenegro,70.94378081,70.73808224,70.67419531,70.65635869,70.65778626,70.73643005,71.09538176,71.35165257,71.67218154,71.58672381,71.80421532,71.91585848,72.00187407,72.06205793,72.16158951,72.23699766,72.65065201,73.26156013,72.14596868,72.65431082,72.76893493,75.40406085,74.83075243,74.62770499,74.74307158,74.75010039,74.77322734
Mongolia,83.7661847,83.34770081,83.0276034,83.03514768,83.25380589,83.64560938,83.87587645,84.18817214,84.48567104,84.76007854,84.90703501,85.07930417,85.29344562,85.59739351,85.31529982,85.02876546,84.78599909,84.53255729,83.61453255,82.21288036,81.52751688,81.09360882,83.57522907,81.40285901,82.1423892,82.08247882,82.04196703
NorthernMarianaIslands,,,,,,,,,,,,,,,,,,,,,,,,,,,
Mozambique,105.7364187,105.8694066,106.4227488,106.7834866,107.1687026,107.550041,107.9336807,108.1842049,107.181157,106.4839625,106.0109913,105.6794876,105.4538064,105.3016486,105.1369429,105.0573036,105.0752609,105.2371637,105.5834094,106.1589561,107.0152968,108.2020934,109.7934861,109.7133753,109.6853046,109.3927882,109.0923527
Mauritania,37.31525484,37.51748663,37.75555708,37.82295836,38.40760663,38.3323865,38.48055229,39.19773099,39.56043732,39.74146604,40.22368279,40.68285454,41.27490569,41.61263032,41.95598544,42.25409996,42.18614989,42.70635331,43.05489829,43.68887684,43.95563738,44.22594538,44.29754149,44.38675639,44.48908001,44.55962582,44.63116798
Mauritius,46.96498909,47.38686669,47.56936084,47.72987224,47.94124519,48.15649764,48.67271737,49.2183165,49.78321566,50.35541636,50.91972413,51.36113915,51.34718673,51.28417809,51.18792912,53.55543787,54.32088747,53.56064555,55.3082078,56.03205222,58.11052515,57.85815725,58.542583,61.22200302,62.21355357,62.47462329,62.76438685
Malawi,95.77513448,95.85805992,95.9399324,96.01289496,96.06281323,96.08479589,96.24611861,96.37854418,96.49496433,95.8479208,95.14121449,94.39870802,93.646653,92.91542974,92.2334607,91.62938897,97.15573773,102.1977075,105.664714,104.6557554,103.662779,102.6608745,101.6423921,100.4904496,100.6457882,100.5435291,100.4426496
Malaysia,53.68320182,53.44750719,53.23664809,53.0485116,52.86905548,52.69565412,52.52849658,52.35974479,52.16533978,52.78826878,55.01975542,55.36681358,55.73403779,56.10889665,56.47585878,56.80510075,57.1239699,57.45309485,56.9680564,57.80931147,57.66934341,59.08223932,60.29979154,63.45580353,63.51023231,63.47613174,63.46636654
NorthAmerica,74.96766966,75.43167301,75.92281721,76.37225807,77.78205035,78.06190256,78.4784795,79.07657541,79.31076536,79.59898982,79.78729126,80.09729439,80.39398325,81.01368054,80.91891955,81.06983419,81.15553862,81.39992641,81.87856965,82.60945864,82.69150124,82.55354613,82.31062369,82.20059006,82.40100779,82.3890846,82.37011229
Namibia,74.17783838,74.93190318,75.46417602,76.36860528,77.025052,76.91316436,76.76934944,76.56145107,76.26568514,76.01322161,75.80347812,77.17920762,78.48944411,79.73838055,80.92169534,82.03779268,83.02414521,83.93070065,84.76087123,85.00383585,85.28528383,85.53709427,85.84644473,86.96590335,88.07762261,87.97530639,87.86582407
NewCaledonia,62.85015941,63.78329605,64.74069585,65.70611401,66.68058282,67.66399232,68.70688543,68.5209416,68.50064601,68.59940266,68.37842766,68.20088405,68.03917256,68.13254197,68.24564059,68.33676774,68.3698519,68.39405969,68.43023294,68.11047752,68.1070706,68.29558975,68.29978024,68.21265087,68.18582985,68.13357655,68.11657261
Niger,26.51386442,27.92085709,29.39461172,30.93236275,32.52716964,34.17358108,35.82099605,37.50307139,39.22790563,41.00374427,42.84342598,44.80979106,44.2840778,43.85640025,43.50635291,43.21884392,43.4107827,43.59782076,43.78534365,43.97885192,44.17829973,44.34735294,44.51199068,44.67712788,44.84449054,44.98496193,45.12480522
Nigeria,52.16263899,53.26158868,54.42285016,55.6540679,56.95983419,58.34812617,59.82021988,61.39936518,63.09953855,64.93567707,66.92200893,69.06895657,71.41375551,73.98667019,76.81915655,76.66623739,76.49711695,76.33549032,76.17856281,76.03156986,75.89083726,75.83703067,75.79029903,75.75614909,75.72975068,75.6465763,75.56158094
Nicaragua,42.19246988,41.6174046,41.06153541,40.52157069,39.99668209,39.48620964,40.81211181,42.1769428,43.58183544,45.02522097,46.50646432,48.01102047,49.54974786,51.12290222,52.72652883,54.35858666,56.00539499,56.8588719,57.44765966,57.49913322,58.08482262,58.87363731,59.6056888,60.29420918,60.9167171,61.14201732,61.35397911
Netherlands,61.18919944,62.27707956,64.73081916,65.44715003,66.81084388,67.69188989,69.1127399,69.950473,70.47226852,72.57903218,73.07760817,74.14499121,74.53601288,76.29171117,77.08676311,78.25283637,78.88552607,80.08083563,80.78166402,81.57779719,81.60503502,82.4726554,82.75073953,82.55812,81.78623335,81.90373283,82.04314784
Norway,77.47261044,79.49546813,79.13966594,80.0087677,80.08071068,80.77232974,81.38719829,81.69742044,82.14207017,83.16371071,83.39539695,84.06895136,84.9838074,85.51033538,85.64910773,85.53154142,85.81043179,86.93865842,87.53537307,88.24080971,87.74911888,88.68021916,88.58535074,89.11846704,89.20692118,89.27055345,89.37595183
Nepal,87.33846256,87.41748421,87.85240023,88.57049147,89.51878588,90.6384469,90.21309093,89.9818599,89.93698677,90.10563609,90.17612954,90.13856383,90.12577925,90.14989228,90.21709452,90.32863958,90.47833622,90.61812933,90.75014275,90.9852055,91.22721223,91.37715799,91.52426256,91.65535554,91.74988823,91.80929265,91.90027338
Nauru,,,,,,,,,,,,,,,,,,,,,,,,,,,
NewZealand,72.03244047,72.76006013,73.0671422,73.00538357,74.09549839,74.6411183,76.12271609,76.19833106,76.84462025,77.39205374,77.39749805,78.36161467,78.56825621,79.84126347,79.74187387,80.58337504,80.69088685,81.20384305,82.14633793,82.84401551,82.89769825,83.30173269,84.24748649,84.74530872,85.36339459,85.43573611,85.37809751
OECDmembers,65.61862149,66.21630597,66.54101044,66.64567122,67.50578677,67.91112856,68.27746643,68.81323096,68.99219324,69.48446751,69.83049113,70.20042808,70.69177987,71.21371735,71.51040937,71.85718692,72.25074863,72.54262589,73.0370372,73.6966337,74.20716827,74.29164142,74.65860077,75.04856753,75.33025867,75.34224454,75.37790853
Oman,21.37727312,21.9092307,22.42608894,22.98878796,23.54729268,24.00835534,25.00682972,25.97643461,27.07327415,28.2623409,29.24341836,29.81989887,30.62450837,31.59445952,32.28011993,32.97320588,33.75421477,34.21884769,34.20606846,34.32483941,34.18278032,34.4296484,34.6436396,34.84848499,35.01137619,35.0878225,35.18955659
Othersmallstates,67.21437111,67.29053576,67.33320355,67.36997069,67.52133745,67.48333055,67.88273492,68.3531776,68.71489766,69.19517983,69.74297351,70.37948112,70.87293725,71.18548587,71.33169461,71.7581104,71.87673728,71.72685656,71.58833183,71.5577314,71.76281911,71.99747891,71.95616634,72.10893359,72.28925442,72.29918691,72.2814239
Pakistan,15.8827917,16.40652761,16.39599075,17.09479897,17.47636932,15.03047136,16.33164903,17.78041341,18.25015979,18.59490229,19.17646202,19.10596896,19.31674767,20.32965115,21.40118878,22.98168356,24.65517263,25.16579983,25.87014562,27.43716026,28.79821308,29.1461699,29.15210787,29.18121857,29.29730922,29.56239539,29.82771359
Panama,49.10125065,49.71747567,49.73104138,49.81832158,51.12919505,52.33878959,53.12169938,53.91200453,54.07347416,54.25094556,55.28616943,56.33835531,57.39992625,58.07814955,57.89952289,59.10968573,57.76836234,58.72501583,58.66351742,60.10402198,59.73110395,57.31284286,59.8119964,61.94662279,62.75670864,62.79486247,62.84747474
Peru,59.50751374,57.40910077,58.29838203,59.28395743,60.34628785,63.44053883,66.66789354,70.00121406,69.79782754,73.34317531,69.73208207,74.56700634,74.23256387,73.87004654,73.33577939,72.82556833,71.35424921,77.34822277,77.18126039,77.68899695,77.84338946,78.21411976,78.35928985,78.7791341,79.41608216,79.5673481,79.71447412
Philippines,57.51375834,56.80135599,57.60177551,57.90985428,57.47950232,59.15996048,58.67686293,59.06405896,59.19833686,60.63824607,59.54504837,63.36850163,63.12518959,61.25444611,60.42709279,62.27447288,61.29552027,61.45383207,61.3977187,61.89985188,63.12337471,63.59201578,63.61552544,63.79613579,63.98786584,64.09433577,64.20022382
Palau,,,,,,,,,,,,,,,,,,,,,,,,,,,
PapuaNewGuinea,95.74864166,96.10979945,96.68571453,97.51976524,97.70797273,97.30776458,97.57656861,97.12332237,96.69779396,96.6007704,96.26601362,96.07450113,95.88227466,95.81215168,95.77357563,95.78586656,95.75451457,95.97937212,96.19562979,96.35972071,96.69299793,97.12672624,97.52875932,97.77310007,98.05817258,97.9619152,97.87014714
Poland,76.47132291,76.59954585,76.79181645,76.81206928,77.41907261,76.84206044,76.86529635,76.30716803,76.56614583,77.11834901,77.61859053,77.76544225,77.43612171,77.2743389,76.74163965,75.99583694,74.86295617,74.50548255,74.14042056,74.29140477,75.08397222,74.9728864,75.27922015,75.13079491,75.30644841,75.3034017,75.42280964
Pre-demographicdividend,72.48554789,72.8454673,73.25967012,73.80642465,74.20276681,74.59554434,75.02755018,75.44181194,75.85512456,76.28875877,76.79143647,77.28722041,77.78935613,78.32461809,78.89003224,78.87471794,79.09024442,79.25270339,79.45331624,79.5646535,79.66890886,79.63488706,79.32132097,79.14945415,79.22798387,79.19405161,79.17439529
PuertoRico,50.62424533,50.1783119,51.80570668,54.60142595,54.76962465,55.00438914,54.81584733,55.75317819,55.58377736,60.02708009,58.43090691,59.81425885,61.21523752,62.02552666,60.90527713,62.44855888,64.86604029,64.00442897,64.84642074,65.99820831,65.37093382,66.27690195,65.95826989,66.08621782,66.47221052,66.53649861,66.58908729
"Korea,Dem.PeoplesRep.",85.58244627,85.30500693,85.01494989,84.68566787,84.38364787,84.11138948,83.91916031,83.78449685,83.56120642,83.47678895,83.45569001,83.4098348,83.47987318,83.59013134,83.87416025,84.04638684,84.32500036,84.62134222,84.72696971,84.67990108,85.00689752,85.31284918,85.43545062,85.58360605,85.68283563,85.66538074,85.69382532
Portugal,67.77229212,70.10816207,69.70021835,71.18228551,71.97154725,72.65186455,73.50538825,74.63933847,74.19234216,74.84419178,75.74083959,76.32081153,76.91837375,78.08711573,78.56186516,79.98238854,80.20254087,81.08952761,81.13848767,82.49851459,83.51998829,81.7897119,82.89342387,83.44132559,83.45679537,83.50190571,83.59681374
Paraguay,57.9033675,58.21049925,58.74292313,59.07093154,59.44350431,59.76807585,57.63612707,55.49873386,53.5451464,55.19812862,57.35212768,59.48617247,60.43977828,61.40059122,62.382903,63.37374322,64.35030574,65.207423,64.56658111,66.09616024,64.53324056,65.4892437,66.93636729,67.52240908,68.58481349,68.66840536,68.77393541
WestBankandGaza,13.36014058,13.01031762,13.49845718,13.70699093,13.77784763,13.90045055,14.01234558,14.7929082,15.75646353,16.47137938,15.97700881,15.7053832,16.03524072,18.14640118,20.50151984,21.0674526,21.69552276,22.27136423,22.96327463,23.54277751,22.28514411,24.34950337,25.37477385,25.1628695,25.51569069,25.78964836,26.0676607
Pacificislandsmallstates,55.08501323,56.33375338,57.60601674,58.87339913,60.24113232,61.52228069,62.82372687,62.92628914,63.08043748,63.24457952,63.29214306,63.31853709,63.44947898,63.69590775,63.85871152,64.01859972,64.1953953,64.35105244,64.28854811,64.11299089,64.32475158,64.60647775,64.77519619,64.95436163,65.12544795,65.27508308,65.41920237
Post-demographicdividend,68.82379381,69.52526614,69.89973114,70.19509389,70.90169768,71.25099726,71.70102329,72.26357634,72.51012264,73.04759698,73.45235872,73.89876989,74.36830382,74.97241725,75.35424981,75.6562577,76.12690049,76.40129747,76.88636494,77.57378355,78.01248484,78.07316016,78.24973135,78.67254165,79.00004303,79.05343038,79.12821465
FrenchPolynesia,66.40001065,66.95375142,67.54449434,68.16086718,68.78344936,69.36897448,69.98276013,69.82878289,69.6410131,69.50761467,69.50352655,69.70028326,69.97354328,70.59988147,71.20977049,71.80188765,72.47961417,73.13219028,73.36722664,73.20472468,73.36955059,73.69271849,73.80723726,73.82096355,73.90081172,73.84063345,73.79210015
Qatar,43.30061402,44.50986735,44.67179697,44.78108038,44.46749014,44.04909572,43.2537076,42.07837802,41.83947663,42.05320397,42.13486825,43.93937691,45.13266526,46.02653161,45.87210065,46.1871273,49.99081442,52.83108319,52.40469072,52.01182673,53.84446658,56.12371844,54.4065348,57.14650479,56.74824306,56.94664356,56.82002608
Romania,77.00347396,76.85289283,76.82087986,77.99174193,79.33224346,80.83826144,79.19616718,81.67850651,81.0863729,81.49638622,81.42051359,81.37739488,78.64256839,77.4816627,77.23656431,76.21477241,76.45068028,75.77819855,74.58294915,74.25631736,74.30111441,75.43915542,74.52452394,74.05379082,73.31500633,73.28157042,73.30571629
RussianFederation,77.98306825,77.37462671,76.64657981,75.91621794,75.17565875,75.39556517,75.75824009,76.53986172,76.82003162,78.70698609,79.16331197,78.91608498,80.34432952,81.21068787,81.54673696,81.96295744,82.30437749,81.7187982,80.5744856,80.80928049,79.85130397,80.03008874,79.92088067,79.32872833,79.13890362,79.00787216,78.99636457
Rwanda,100.0427171,99.61629826,99.19005796,98.7683808,98.35689561,97.95572394,97.38076369,98.29042147,99.1442238,100.0092891,100.9476545,102.1493345,102.2180312,102.8999665,103.4337166,103.7409764,103.6716177,103.4185105,103.0500036,102.8442997,102.8227133,102.9886515,103.3018164,103.7461939,104.1358686,103.8608993,103.5916678
SouthAsia,43.37314069,43.64605579,43.70095042,43.89356706,44.06652912,43.57392076,43.25411973,43.12756799,43.09335504,42.84300062,42.69152812,43.02111753,43.3668228,43.7553974,44.16669045,44.59860465,43.17312189,41.68708503,40.26592438,38.9975205,37.69628852,37.12468841,36.5346086,36.66081305,36.67538969,36.8182941,36.96078381
SaudiArabia,18.0956115,17.959636,17.85328838,18.32226993,18.76068385,19.18022112,19.80056462,20.47166693,21.18649818,21.92496823,20.88550302,20.65842198,20.77552485,21.5574393,22.38041712,23.23556705,24.29957758,23.76212448,23.37962468,22.93901054,24.17954972,25.5342523,25.8982583,25.21667276,25.31579818,25.35070666,25.45235457
Sudan,34.93233895,34.81803175,34.7328,34.68010117,35.49108776,36.6756743,38.15483213,37.56110193,36.97529497,36.39952739,35.83183154,35.27265633,34.72776376,34.19919723,33.68695511,33.1929763,32.71548102,32.25683472,31.81545377,31.39495106,31.7691109,31.91486298,32.29407828,33.08913865,33.53757496,33.61187093,33.68800205
Senegal,63.44047666,62.4354312,61.43496141,60.44143466,59.45766796,58.48148305,57.5339927,56.60539687,55.70202269,54.82449753,53.97239872,53.12129296,52.29735754,51.50188868,50.73503206,49.99789302,49.27915872,52.11047645,55.00881404,57.96134475,60.95462275,63.94917955,63.9901282,64.08200463,64.11795685,64.15296021,64.19058446
Singapore,63.97728664,61.76346796,62.16025388,61.7865612,61.8950617,62.99447248,63.70418376,63.67232508,64.09923173,65.28149321,67.16385481,66.70856187,65.86098517,67.30389974,68.33628888,69.73378977,71.21175091,71.39417641,73.02406774,72.28260555,73.97021827,75.05238781,75.80010894,76.24601697,76.29155112,76.1902295,76.11584516
SolomonIslands,83.33518688,83.34121364,83.62436133,83.58073499,83.7587968,83.90497853,83.79070965,83.54137362,83.44742395,83.26464551,82.46696468,82.04352879,81.92197418,82.19454587,82.39567547,82.57157373,82.54633197,82.53936234,82.54895373,82.20589654,82.4708775,82.85331471,83.04857313,83.16774931,83.16636201,83.14993791,83.1290553
SierraLeone,91.05807412,91.44662733,93.19792818,93.77826123,94.580566,95.74052313,96.22795766,97.11192377,97.57057461,98.22672046,98.44908539,99.27126567,98.50675279,98.44993942,97.91407594,97.59268023,97.23960803,96.88234578,96.52933846,96.18407432,95.85308814,95.61205007,95.38055226,95.16268255,94.95427256,94.86727346,94.76973413
ElSalvador,48.93688216,49.06117177,49.19110287,51.69166168,53.32823601,51.52399507,51.11162611,51.58367818,55.56086863,56.74243572,57.07619991,57.43419753,57.8395033,58.1005082,56.79783687,57.59493751,58.41631051,58.14608669,57.8851352,58.82553162,58.83038728,59.0302485,59.23744379,61.05345672,61.89458879,62.04348347,62.174805
SanMarino,,,,,,,,,,,,,,,,,,,,,,,,,,,
Somalia,45.78316617,45.90760347,45.19943741,44.89935741,44.73936405,44.43510388,44.0590889,43.56326885,43.06959565,42.80089907,42.64905902,42.39539418,42.32052987,42.38693517,42.16859602,42.18223258,42.15665513,42.12717902,42.14260458,42.25365292,42.50000125,42.61688804,42.85901846,43.31986604,43.74810888,43.8007252,43.85419522
Serbia,65.21448577,65.36518038,65.81684798,66.26118964,66.68816138,67.09591767,67.46766423,67.82319484,68.16836735,68.50509633,68.825986,69.21237502,69.56414594,69.88697974,70.18886425,70.34699756,70.84855959,72.29692032,72.71881998,73.10009356,72.11655534,71.53348694,71.58480589,72.19967843,72.10550669,72.16647806,72.30471729
Sub-SaharanAfrica(excludinghighincome),75.96416535,76.38897392,76.89032207,77.40937321,77.84159445,78.26543036,78.69359503,79.15995041,79.617053,80.06038056,80.76787271,81.48036565,82.04150182,82.60160059,83.1779899,83.39541291,83.62720714,83.67023145,83.6815739,83.74430768,83.80928576,83.89136454,83.68342299,83.69902525,83.85451005,83.83739018,83.81817381
SouthSudan,,,,,,,,,,,,,,,,,,,,,,,,,,,
Sub-SaharanAfrica,75.96416535,76.38897392,76.89032207,77.40937321,77.84159445,78.26543036,78.69359503,79.15995041,79.617053,80.06038056,80.76787271,81.48036565,82.04150182,82.60160059,83.1779899,83.39541291,83.62720714,83.67023145,83.6815739,83.74430768,83.80928576,83.89136454,83.68342299,83.69902525,83.85451005,83.83739018,83.81817381
Smallstates,66.83747193,67.79554343,67.79027164,67.80150259,68.16507295,68.01199691,68.36877792,68.47560965,68.50845953,68.82137515,69.13811807,69.63752774,70.03688802,70.40892286,70.70056489,71.23000917,71.43739907,71.3202232,71.37781606,71.27509,71.56344297,71.82869017,71.92836597,72.20895568,72.39784195,72.4143523,72.41921844
SaoTomeandPrincipe,47.302849,47.53786957,47.66880108,47.92707792,48.33230628,48.98371849,49.9500114,51.18471158,52.50266633,53.864239,55.25283865,56.40013855,57.50408625,58.2301177,58.88624831,59.50179432,59.41333903,59.67658565,59.45217533,59.42767804,59.3638612,59.28788618,59.27503446,59.296576,59.31871366,59.43824366,59.52355718
Suriname,60.54836819,57.53861693,54.44000899,46.94824773,51.96136835,49.03352265,50.08829275,51.37615923,52.84004915,54.41538747,54.69408351,55.03105533,55.28458677,55.48740309,55.70768817,55.98679295,56.39015356,56.83967947,57.31752054,57.7980797,58.26477959,58.46398561,58.66109092,58.83698317,58.95945029,59.01997999,59.06387942
SlovakRepublic,81.67451331,81.71141047,80.57376599,78.98326555,74.35845707,74.81417722,76.14525377,76.09245022,75.52289686,76.19564483,77.21720329,77.05142142,76.80563426,76.96791321,76.63006539,74.831294,74.32416742,74.51641096,74.7231998,73.87562917,74.88979138,73.92178057,74.40168301,75.20655213,75.17582591,75.2404084,75.3836721
Slovenia,79.16397476,79.26770255,79.33703261,79.55160739,78.59267095,78.9895186,79.68922229,81.372731,80.41030812,79.84671797,80.15327642,78.87791125,79.49496196,78.994532,79.72661914,80.09458428,81.10400955,80.58003858,81.70748595,81.58641079,81.13697013,81.7690405,82.57582904,81.78072438,82.71536973,82.88301062,83.11447687
Sweden,87.65866539,87.29323631,87.19959911,86.93531269,86.33461612,86.71945081,87.09457642,86.45222298,85.51721713,85.97534106,85.57201911,87.07172139,87.11549197,86.91201757,87.75993011,87.07022167,87.14889708,87.83580016,87.82046314,87.90795762,86.66226328,87.80877778,88.53088217,88.71804893,89.17699861,89.19256094,89.23654997
Swaziland,44.15424037,44.12381119,43.94969279,43.84884661,44.0024356,44.34053394,45.08107735,46.11856874,47.34947616,48.59227868,49.83383722,50.88334328,51.82292595,52.70836674,53.5996326,54.5999052,55.78998245,56.9887534,58.21201304,59.37873456,60.32120455,61.2264428,61.79941024,62.16959639,62.46677835,62.4092007,62.35192106
SintMaarten(Dutchpart),,,,,,,,,,,,,,,,,,,,,,,,,,,
Seychelles,,,,,,,,,,,,,,,,,,,,,,,,,,,
SyrianArabRepublic,21.77313221,22.97693908,24.23484658,25.54794514,26.91631636,28.33737326,27.61020353,26.95263513,26.3550482,25.80760712,24.44513579,25.2604623,24.68327263,24.53530321,22.87036805,21.36399441,19.97796617,19.14503905,19.99000202,17.99110135,18.28654785,17.96253222,17.65500973,17.40576466,17.15658243,17.18068501,17.33237243
TurksandCaicosIslands,,,,,,,,,,,,,,,,,,,,,,,,,,,
Chad,79.4716534,78.86231891,78.34862166,80.52331324,80.5735988,80.62221161,80.6631422,80.70411992,80.7428845,80.774874,80.80006094,80.81423375,80.82436108,80.83068315,80.83773439,80.84300323,80.84192244,80.83983222,80.83948248,80.83805294,80.83477292,80.81978838,80.80727918,80.7926711,80.77495692,80.76108547,80.74083989
EastAsia&Pacific(IDA&IBRDcountries),83.41880983,83.09662087,82.78672784,82.64917319,82.52538691,82.40243975,82.28174234,82.13475343,82.18013967,81.96657317,81.88369755,81.68219236,81.39574187,81.08936491,80.78146469,80.63779486,80.33521921,80.14673723,79.90614124,79.58321195,79.4387733,79.46348701,79.33566012,79.2211601,79.17647306,78.99431636,78.81584755
Europe&CentralAsia(IDA&IBRDcountries),73.33928308,73.0714293,72.67221359,71.91803723,72.05906373,72.15734039,72.13631811,72.35437788,72.44835139,73.46040466,73.45989098,73.55883534,74.22779227,74.38026726,74.02015519,73.78827098,73.86582404,73.59058737,72.93335783,73.05133298,72.82277425,72.76441245,72.61362911,72.47396717,72.18793072,72.02403247,71.92245243
Togo,78.60332418,80.17923554,81.74205599,83.29520875,84.83467688,86.35716492,87.79713786,89.20887069,90.5927581,91.94615986,93.26729458,94.52815369,95.75730898,96.95409653,98.11777473,99.24883557,100.3415378,100.5660429,100.753,100.8561023,100.9091178,100.8897305,100.813068,100.7689386,100.7350691,100.5816932,100.4337247
Thailand,87.00035539,84.94475444,82.67225795,80.18776584,77.50005996,79.33476784,81.19168882,82.23212292,80.90281214,80.17348273,80.82104059,80.22439054,80.4197574,80.62078516,80.01978799,81.12255308,79.86813594,80.47004877,80.54368486,79.32362368,79.46172644,80.99969698,80.29811735,78.60487813,78.49087688,78.49517323,78.50536297
Tajikistan,76.77846816,76.8045076,76.83087464,76.86546527,76.91870415,77.0003548,77.10435607,77.23058987,77.36914769,77.50989129,77.63538883,77.62072138,77.56419625,77.46503838,77.33074486,77.23014766,77.09934861,76.95140424,76.79036915,76.61619614,76.43172278,76.48609979,76.54558669,76.60899051,76.66636732,76.69066129,76.60808683
Turkmenistan,61.94395779,62.36287356,62.71882026,63.14815524,63.78421037,64.17653225,64.60110788,65.21369173,65.24146471,64.96577979,64.61941545,64.21755197,63.91291633,63.55054806,63.15253569,62.81855578,62.48515044,62.1131161,61.76145986,61.48311217,61.20104281,61.15149757,61.09251743,61.0279719,60.96516102,60.93229722,60.92139132
LatinAmerica&theCaribbean(IDA&IBRDcountries),49.09884271,50.85752192,53.14581923,53.49695745,54.51499975,55.91603703,56.08598276,57.55701041,58.23943669,59.58989997,60.04071829,60.9930205,62.33274385,62.99770084,63.96591751,64.59009163,64.80730491,65.34542697,65.54802043,66.22873088,65.94450204,65.77096646,66.48205147,66.75526449,67.52046146,67.55590218,67.60071788
Timor-Leste,52.84588569,52.32777445,51.73173259,51.14033885,50.57715042,50.17911058,49.96524529,50.0556535,50.59318665,50.97127541,51.14338898,51.10155811,50.22945814,49.45055221,48.80990437,48.317606,47.86050611,47.50701891,47.24307327,47.1072912,47.1673903,47.33350146,47.5808812,47.86057027,48.10976004,48.22579959,48.29143468
MiddleEast&NorthAfrica(IDA&IBRDcountries),23.72105754,22.45045054,23.06630073,22.9287333,23.55953922,23.542057,23.70064493,23.84390374,24.11249348,24.60802119,24.86531284,24.93132866,24.82485796,25.70620498,26.36006168,26.9093937,26.96284418,27.5710669,27.05385884,27.143144,27.08771476,26.89346375,27.11134815,27.37623329,27.24106509,27.38588508,27.50514006
Tonga,47.53917844,50.49702803,53.62704358,56.90488569,60.29948979,61.40869933,62.50668735,63.64247206,64.80476937,65.99896499,67.21179702,68.34119252,69.49479899,70.66963855,70.6754693,70.78738563,70.66778417,70.39270916,70.37036739,70.4718866,70.6167827,70.82276439,70.9282585,71.00073783,71.14758099,71.27481047,71.41486465
SouthAsia(IDA&IBRD),43.37314069,43.64605579,43.70095042,43.89356706,44.06652912,43.57392076,43.25411973,43.12756799,43.09335504,42.84300062,42.69152812,43.02111753,43.3668228,43.7553974,44.16669045,44.59860465,43.17312189,41.68708503,40.26592438,38.9975205,37.69628852,37.12468841,36.5346086,36.66081305,36.67538969,36.8182941,36.96078381
Sub-SaharanAfrica(IDA&IBRDcountries),75.96416535,76.38897392,76.89032207,77.40937321,77.84159445,78.26543036,78.69359503,79.15995041,79.617053,80.06038056,80.76787271,81.48036565,82.04150182,82.60160059,83.1779899,83.39541291,83.62720714,83.67023145,83.6815739,83.74430768,83.80928576,83.89136454,83.68342299,83.69902525,83.85451005,83.83739018,83.81817381
TrinidadandTobago,50.57102168,66.06515556,61.47809397,58.59104237,58.67419217,59.05473674,62.10527667,61.86485552,61.38891666,61.44826815,60.90542068,62.05085128,63.22978808,65.58744705,67.9037079,70.18154175,70.59536749,68.31173061,69.97112484,68.25866663,69.65641003,70.34917544,71.01673152,71.66932713,71.41422342,71.47342721,71.56616703
Tunisia,26.94195938,27.5861624,28.25059919,28.94129572,29.65456302,30.39362469,31.09883239,31.8181797,32.13281113,32.47726175,32.85398968,33.24681276,33.68620616,34.17173047,34.70661817,35.29671633,35.22091859,35.16622884,35.13239269,35.11546093,35.10937495,34.82423843,35.61824598,35.3776212,35.13418531,35.17497687,35.23116289
Turkey,42.18546893,42.40556207,40.91966072,34.23668673,39.76283745,39.78097684,39.58298186,37.64305428,38.28594139,39.77909521,36.2377698,37.4897138,39.27611065,38.06431938,33.47996885,33.25838404,33.97921467,34.0075372,35.03214723,36.99320211,39.05118793,40.30136931,41.58552922,42.76308334,42.45841416,42.48680707,42.52780078
Tuvalu,,,,,,,,,,,,,,,,,,,,,,,,,,,
Tanzania,95.14633233,95.23840598,95.36615813,95.48664549,95.59784389,95.66839488,95.70373992,95.74833329,95.78474848,95.7966451,95.80144303,95.77101398,96.30759475,96.83965662,97.37129848,97.90350846,98.41091002,98.15989071,97.87376324,97.56136884,97.22491066,96.87714455,93.53113776,88.78507127,88.80757881,88.8571416,88.88702005
Uganda,99.52183322,99.39144791,99.28795293,99.07995603,98.90624464,98.63557904,98.39647567,98.24714825,98.11125532,97.92704945,97.85581446,97.73696415,97.56508554,97.1973932,96.87206706,96.66533206,96.04971309,95.53185689,95.08810102,94.71931861,94.41280676,94.16218756,93.96686513,93.79236772,93.90824478,93.89622328,93.89097718
Ukraine,79.03532407,78.95244757,78.68810484,78.38152048,78.23890126,78.2928846,78.55845079,78.96866233,79.44089801,79.82814086,80.0380656,80.18004778,81.16190527,81.17502045,81.40272608,79.5360978,79.70937193,79.80032499,79.80843192,79.77976814,79.50856655,78.13850516,76.63875784,77.54745514,77.42209307,77.41729604,77.45863178
Uppermiddleincome,76.51337966,76.49886659,76.53843345,76.26398944,76.24205864,76.43426984,76.44321738,76.61984287,76.58315727,76.85015029,76.92910569,76.86325077,76.95154722,76.84600004,76.65226113,76.56588428,76.34995629,76.15664877,75.78644347,75.63662083,75.22258045,75.25048095,75.29653571,75.25012699,75.2514402,75.04409173,74.84539244
Uruguay,57.9895779,58.57035957,61.10960408,61.19157236,62.30427647,63.21451489,64.49772094,65.79645837,67.10733642,67.87761671,68.64918773,70.08395113,70.34578825,70.72138998,70.89475862,71.05337365,68.35931857,70.48851874,71.05276565,71.60617118,71.80279053,72.51478641,72.85082762,72.05110605,72.53666352,72.60983018,72.74466543
UnitedStates,74.82703089,75.23048024,75.72644905,76.19515093,77.7629367,78.00614731,78.434678,79.05516729,79.21362634,79.48717646,79.62036725,79.9008588,80.14057454,80.7151936,80.56913606,80.74866302,80.73148161,80.92563472,81.45597536,82.17738286,82.23768269,82.07828205,81.78621312,81.62108965,81.87706838,81.85311936,81.82298114
Uzbekistan,63.03732941,63.37610217,63.94080955,64.24173454,64.63174314,64.91122961,65.14505108,65.26217549,65.39217457,65.50488993,65.59793257,65.67391196,65.73342438,65.75197699,65.58837038,65.39982069,65.15857997,64.82169766,64.49882677,64.21112477,63.90628208,63.83678887,63.74980412,63.65236908,63.55536781,63.4621215,63.39506714
St.VincentandtheGrenadines,54.39556179,55.24562034,56.65066392,57.43054331,57.91448819,58.73228332,59.42662478,61.17275877,62.20642447,63.10812484,63.40803929,64.21226725,65.41205277,66.70584588,67.62366514,68.34315538,69.61189254,70.36012005,70.91047719,71.04669063,71.07117759,71.29185474,71.76158849,72.2952461,72.74290289,72.95920672,73.20315402
"Venezuela,RB",46.16377529,47.72523718,46.98701458,45.56123257,46.10005777,50.23963434,53.25598846,55.93393951,57.55083511,58.54183867,59.52626817,63.67163496,65.64039076,64.84750132,64.09689251,63.39365739,62.74439314,62.7198896,63.33678716,64.3315779,63.82364467,64.59985446,64.68708507,64.56824935,65.51068747,65.60116149,65.69569176
BritishVirginIslands,,,,,,,,,,,,,,,,,,,,,,,,,,,
VirginIslands(U.S.),64.44927532,65.07782851,65.45085219,65.6075109,65.69434919,65.92204505,66.24962308,66.66248515,67.06788772,67.54119602,68.49894416,69.09298905,69.84431383,70.62134495,71.37807043,72.06162495,72.79959715,73.42135103,73.90055978,74.28705808,74.74038873,74.76422693,74.76180367,74.71763595,74.62700622,74.48801113,74.39632157
Vietnam,87.40424355,87.4501544,87.52869701,87.60250725,87.69224836,87.79686547,87.92773397,88.04018768,88.11542219,88.17370935,88.26386724,88.33707528,88.40979262,88.48762988,88.5702464,88.64589286,88.74166797,88.83442349,88.8883445,88.92349509,88.78798744,88.72478184,88.66596927,88.63435691,88.72686498,88.71386487,88.72259894
Vanuatu,89.1941322,88.68771424,88.16669898,87.63390726,87.08895369,86.52969332,85.96358499,85.3710887,84.75704239,84.12062622,83.46373381,82.79777458,82.10851839,81.39844597,80.67324066,79.9326839,79.06386504,78.15473705,77.22407705,76.30072884,76.21686709,76.24598523,76.31217422,76.38735552,76.46576859,76.55547376,76.63041262
World,67.59198293,67.6929868,67.80067147,67.79906889,67.99769226,68.05056214,68.08096056,68.2143019,68.31180614,68.48123964,68.55993156,68.68974421,68.84063194,68.96193762,69.01712457,69.09266802,68.85279247,68.6148275,68.33042492,68.16684386,67.91309881,67.80889365,67.72478017,67.74477617,67.81002344,67.71844377,67.63897806
Samoa,52.17912431,52.10564348,51.18577421,50.29884708,49.41782775,48.51639599,47.51221443,46.54768382,45.64964195,44.83126629,44.06697283,43.2818959,42.54139803,41.8760514,41.30062118,40.80863342,40.38299886,40.05319029,39.83479931,39.74014511,39.77641172,39.91524495,39.89544744,39.81154967,39.79304848,39.87139954,39.96077075
Kosovo,,,,,,,,,,,,,,,,,,,,,,,,,,,
"Yemen,Rep.",22.00314481,21.87983398,22.27489617,22.54849189,22.7758006,24.23295091,25.75395565,27.33302989,28.97433264,30.68370702,31.1341061,31.57076514,31.98021581,32.3596171,32.74141634,33.13544855,33.47597681,33.80647381,34.12770677,34.42391236,34.76976065,34.89475166,35.01089929,35.1209893,35.23778159,35.32468962,35.42316518
SouthAfrica,60.11622784,61.63719593,63.4202152,65.08620944,66.67862531,68.31116002,69.94052261,71.66384426,73.5019558,75.28934896,76.60235993,77.89285174,77.12958529,75.68680839,74.17968839,75.82508269,77.46874079,76.34255797,74.53483965,74.16380179,73.72080666,75.37447641,75.16869482,77.06612782,77.04377837,76.74515562,76.38558696
Zambia,87.36378902,87.61383522,87.89168984,87.89347753,88.32235807,88.35932536,88.26163854,88.19728543,88.20653174,88.01749318,87.78877253,87.47447069,87.13960715,86.72342032,86.32168118,85.95404708,86.76050411,87.70142052,88.80082438,88.43180011,88.258519,87.127292,86.20553451,86.24275249,86.30764771,86.31918386,86.34773574
Zimbabwe,84.41486491,84.22780786,84.09190084,84.0018443,83.94929571,83.92868297,83.93028619,83.94960403,82.47173976,81.05173407,84.02060024,86.56685716,88.72488597,90.55665934,92.11131206,91.48006529,90.81677284,90.12462982,89.40628969,88.66860909,87.90868225,87.14559028,87.59751058,88.27549847,88.96518604,89.05382101,89.137578
